funder_uniq,funder_closest,funder_counts,funder_counts_pct
"",0,3635,0.0611952861952862
0,"",777,0.0130808080808081
aar,abd,33,0.000555555555555556
abasia,abaska,43,0.000723905723905724
abaska,abasia,1,1.68350168350168e-05
abcihushidevelopmentcent,africandevelopmentbank,1,1.68350168350168e-05
abd,abs,7,0.000117845117845118
abdala,abdul,1,1.68350168350168e-05
abddwe,abd,1,1.68350168350168e-05
abdul,abd,1,1.68350168350168e-05
abood,abd,2,3.36700336700337e-05
abs,abd,1,1.68350168350168e-05
acogermany,germany,28,0.000471380471380471
acord,abood,3,5.05050505050505e-05
acordngo,acord,2,3.36700336700337e-05
acra,adra,46,0.000774410774410775
act,aict,1,1.68350168350168e-05
actionaid,actionina,8,0.000134680134680135
actioncontrelafaim,actionaid,9,0.000151515151515152
actionina,actionaid,1,1.68350168350168e-05
actmara,acra,1,1.68350168350168e-05
adap,adp,4,6.73400673400673e-05
adb,adf,448,0.00754208754208754
adf,adb,6,0.000101010101010101
adp,adap,25,0.000420875420875421
adpbungu,mbunge,2,3.36700336700337e-05
adpmombo,makombo,14,0.000235690235690236
adpw,adp,2,3.36700336700337e-05
adra,acra,263,0.00442760942760943
af,adf,12,0.000202020202020202
afdp,adp,1,1.68350168350168e-05
afric,africa,1,1.68350168350168e-05
africa,afric,2,3.36700336700337e-05
africa2000networkundp,african2000network,2,3.36700336700337e-05
africaaminialama,africanrelie,2,3.36700336700337e-05
african,africa,128,0.00215488215488215
african2000network,africa2000networkundp,2,3.36700336700337e-05
africanbarrickgold,african2000network,2,3.36700336700337e-05
africandevelopmentbank,africandevelopmentfoundation,35,0.000589225589225589
africandevelopmentfoundation,africandevelopmentbank,6,0.000101010101010101
africanmuslimagency,unicefafricanmuslimagency,15,0.000252525252525253
africanrealiefcommitteofku,africandevelopmentbank,2,3.36700336700337e-05
africanreflectionsfoundation,africandevelopmentfoundation,1,1.68350168350168e-05
africanrelie,afriicanreli,15,0.000252525252525253
africaoneltd,africanrelie,1,1.68350168350168e-05
africaprojectevgermany,acogermany,1,1.68350168350168e-05
africare,africa,7,0.000117845117845118
afriicanreli,africanrelie,1,1.68350168350168e-05
afrozismail,africa,1,1.68350168350168e-05
afyadepartmentlindirural,waterdepartment,1,1.68350168350168e-05
agapechurc,agtchurch,1,1.68350168350168e-05
agtchurch,aicchurch,1,1.68350168350168e-05
ahmadia,abasia,1,1.68350168350168e-05
ai,af,12,0.000202020202020202
aic,ai,13,0.000218855218855219
aicchurch,agtchurch,2,3.36700336700337e-05
aickij,aic,1,1.68350168350168e-05
aict,act,85,0.00143097643097643
aimgold,abood,9,0.000151515151515152
aixos,oikos,1,1.68350168350168e-05
alia,acra,1,1.68350168350168e-05
ambwenemwaikek,kibobrewaries,1,1.68350168350168e-05
amref,amrefe,425,0.00715488215488216
amrefe,amref,1,1.68350168350168e-05
anglicanchurch,dweanglicanchurch,126,0.00212121212121212
angrikana,african,8,0.000134680134680135
anjumaneseifee,jumannesiabo,3,5.05050505050505e-05
answeermuslimgrou,shearmuslim,1,1.68350168350168e-05
apm,aar,1,1.68350168350168e-05
apmafricapreciousmetalslt,africanrelie,1,1.68350168350168e-05
aquabluesangels,paulosange,1,1.68350168350168e-05
arabcommunity,arabscommunity,1,1.68350168350168e-05
arabi,msabi,1,1.68350168350168e-05
arabscommunity,arabcommunity,2,3.36700336700337e-05
ardhiinstute,dhinu,2,3.36700336700337e-05
area,acra,1,1.68350168350168e-05
artisan,african,1,1.68350168350168e-05
asb,adb,18,0.000303030303030303
asdp,adp,5,8.41750841750842e-05
asgeralinbharwan,angrikana,1,1.68350168350168e-05
auwasa,kuwasa,10,0.000168350168350168
awf,adf,3,5.05050505050505e-05
baas,aar,13,0.000218855218855219
babtest,babtist,1,1.68350168350168e-05
babtist,babtest,1,1.68350168350168e-05
bahewasa,hewasa,17,0.000286195286195286
bahresa,area,1,1.68350168350168e-05
bakarichimkube,makapuchini,1,1.68350168350168e-05
bakwata,auwasa,1,1.68350168350168e-05
ballo,balo,1,1.68350168350168e-05
balo,ballo,5,8.41750841750842e-05
balyehe,salehe,1,1.68350168350168e-05
bancareale,caredwe,1,1.68350168350168e-05
bank,baas,22,0.00037037037037037
bao,balo,1,1.68350168350168e-05
bap,bao,1,1.68350168350168e-05
baptistchurch,batistchurch,7,0.000117845117845118
baric,afric,7,0.000117845117845118
bathlomewvicent,cathoric,1,1.68350168350168e-05
batistchurch,baptistchurch,1,1.68350168350168e-05
belgiangovernment,colonialgovernment,10,0.000168350168350168
belgij,engin,3,5.05050505050505e-05
bened,bank,17,0.000286195286195286
benguka,zinduka,13,0.000218855218855219
bffs,baas,9,0.000151515151515152
bfwd,bffs,1,1.68350168350168e-05
bgm,ggm,24,0.000404040404040404
bgss,baas,1,1.68350168350168e-05
bgssws,bgss,1,1.68350168350168e-05
bhws,bkhws,1,1.68350168350168e-05
bilila,villa,5,8.41750841750842e-05
bingofoundation,kibarafoundation,3,5.05050505050505e-05
bingofoundationgermany,bingofoundation,1,1.68350168350168e-05
biofuelcompany,company,2,3.36700336700337e-05
biore,dioce,31,0.000521885521885522
birage,biore,1,1.68350168350168e-05
bkhws,bhws,1,1.68350168350168e-05
boazi,boazio,1,1.68350168350168e-05
boazio,boazi,1,1.68350168350168e-05
bobby,boazi,3,5.05050505050505e-05
bokeraw,bra,2,3.36700336700337e-05
bomasaving,marafin,1,1.68350168350168e-05
bongkugohhchoonlzalee,longidosecschool,1,1.68350168350168e-05
bonitebottlesltd,africaoneltd,1,1.68350168350168e-05
br,bra,8,0.000134680134680135
bra,br,1,1.68350168350168e-05
brad,bra,1,1.68350168350168e-05
brdp,drdp,5,8.41750841750842e-05
breadforthewor,breadoftheworl,2,3.36700336700337e-05
breadoftheworl,breadforthewor,1,1.68350168350168e-05
bridgenorth,bruder,4,6.73400673400673e-05
britishcolonialgovernment,colonialgovernment,8,0.000134680134680135
britishtanza,artisan,2,3.36700336700337e-05
brown,bao,1,1.68350168350168e-05
bruder,rudep,16,0.000269360269360269
bs,abs,7,0.000117845117845118
bsf,bs,117,0.00196969696969697
bukumbi,bumabu,1,1.68350168350168e-05
bukwangchurchsaint,bukwangchurchsaints,1,1.68350168350168e-05
bukwangchurchsaints,bukwangchurchsaint,1,1.68350168350168e-05
bulugasubvillagecommunity,okutuvillagecommunity,1,1.68350168350168e-05
bulyahunlugoldmine,tulawakagoldmine,13,0.000218855218855219
bumabu,juhibu,1,1.68350168350168e-05
buptist,babtist,1,1.68350168350168e-05
busogatrust,buptist,1,1.68350168350168e-05
c,"",2,3.36700336700337e-05
cafod,abd,41,0.00069023569023569
caltas,caltus,5,8.41750841750842e-05
caltastanzania,cartastanzania,1,1.68350168350168e-05
caltazkahama,caltastanzania,1,1.68350168350168e-05
caltus,caltas,6,0.000101010101010101
calvaryconnect,camartec,2,3.36700336700337e-05
camartec,carmatech,1,1.68350168350168e-05
camavita,chamavita,8,0.000134680134680135
canada,danida,12,0.000202020202020202
canadaaid,canada,1,1.68350168350168e-05
carecipro,careint,2,3.36700336700337e-05
caredwe,abddwe,1,1.68350168350168e-05
careint,caredwe,1,1.68350168350168e-05
careinternational,lotaryinternational,24,0.000404040404040404
caritas,caltas,70,0.00117845117845118
carmatech,camartec,1,1.68350168350168e-05
cartastanzania,caltastanzania,4,6.73400673400673e-05
cast,act,4,6.73400673400673e-05
cathoric,rccathoric,1,1.68350168350168e-05
cbhi,cgi,5,8.41750841750842e-05
ccmotorday2010,acogermany,1,1.68350168350168e-05
ccp,ccpk,1,1.68350168350168e-05
ccpk,ccp,1,1.68350168350168e-05
ccps,ccp,1,1.68350168350168e-05
cct,act,18,0.000303030303030303
cdcg,cdg,26,0.000437710437710438
cdft,tdft,1,1.68350168350168e-05
cdg,cdcg,4,6.73400673400673e-05
cdtf,adf,70,0.00117845117845118
cdtfdistrictcouncil,districtcouncil,2,3.36700336700337e-05
cefa,cdft,67,0.00112794612794613
cefanjombe,cefa,23,0.000387205387205387
cefarcchurch,aicchurch,1,1.68350168350168e-05
cesgmbh,asb,425,0.00715488215488216
cg,c,30,0.000505050505050505
cgc,cg,1,1.68350168350168e-05
cgi,cg,2,3.36700336700337e-05
cgrc,cgc,1,1.68350168350168e-05
ch,c,1,1.68350168350168e-05
chacha,acra,2,3.36700336700337e-05
chachaissame,chacha,1,1.68350168350168e-05
chaiwazir,chacha,1,1.68350168350168e-05
chamachaushirika,halmashauri,1,1.68350168350168e-05
chamavita,camavita,10,0.000168350168350168
chani,cheni,2,3.36700336700337e-05
charlottewell,caredwe,1,1.68350168350168e-05
cheni,chani,3,5.05050505050505e-05
chinagovernment,ciprogovernment,51,0.000858585858585859
chmavita,camavita,1,1.68350168350168e-05
chongolo,hongoli,1,1.68350168350168e-05
christanoutrich,christianoutrich,1,1.68350168350168e-05
christianoutrich,christanoutrich,4,6.73400673400673e-05
chuo,ch,1,1.68350168350168e-05
churc,church,30,0.000505050505050505
church,churc,5,8.41750841750842e-05
churchofdisciples,chachaissame,1,1.68350168350168e-05
cida,fida,1,1.68350168350168e-05
cip,ccp,2,3.36700336700337e-05
cipro,cpro,2,3.36700336700337e-05
ciprocare,africare,3,5.05050505050505e-05
ciprocaretcrs,ciprocare,7,0.000117845117845118
ciprogovernment,misrigovernment,21,0.000353535353535354
clause,caltus,6,0.000101010101010101
cmcr,cmsr,23,0.000387205387205387
cmsr,cmcr,81,0.00136363636363636
co,c,111,0.00186868686868687
cobashec,camartec,9,0.000151515151515152
cocen,cocern,52,0.000875420875420875
cocern,cocen,29,0.000488215488215488
cocu,ccp,1,1.68350168350168e-05
college,ecolodge,1,1.68350168350168e-05
colonialgovernment,belgiangovernment,3,5.05050505050505e-05
commu,cocu,62,0.00104377104377104
community,tlccommunity,126,0.00212121212121212
communitybank,community,1,1.68350168350168e-05
compa,commu,2,3.36700336700337e-05
company,compa,2,3.36700336700337e-05
compasioninternational,careinternational,1,1.68350168350168e-05
comunediroma,community,2,3.36700336700337e-05
comunityconstructionfund,friedkinconservationfund,1,1.68350168350168e-05
conce,concen,68,0.00114478114478115
concen,cocen,4,6.73400673400673e-05
concern,cocern,108,0.00181818181818182
concerngovern,concerngovernm,6,0.000101010101010101
concerngovernm,concerngovern,3,5.05050505050505e-05
concernworldwide,concerngovern,145,0.00244107744107744
cope,ccp,2,3.36700336700337e-05
costantineherman,justinemarwa,1,1.68350168350168e-05
council,conce,9,0.000151515151515152
cpar,cper,1,1.68350168350168e-05
cper,cpar,1,1.68350168350168e-05
cpps,ccps,4,6.73400673400673e-05
cppsmission,herimission,1,1.68350168350168e-05
cpro,cipro,5,8.41750841750842e-05
craelius,caltus,1,1.68350168350168e-05
cristanoutrich,christanoutrich,1,1.68350168350168e-05
crs,tcrs,1,1.68350168350168e-05
csf,bsf,1,1.68350168350168e-05
cspd,wspd,30,0.000505050505050505
cvsmiss,cmsr,1,1.68350168350168e-05
d,"",8,0.000134680134680135
dacp,dadp,1,1.68350168350168e-05
dadid,dadis,1,1.68350168350168e-05
dadis,dadid,25,0.000420875420875421
dadp,adp,3,5.05050505050505e-05
dads,dadis,46,0.000774410774410775
daeyeolandchaelynn,rafaelmichael,1,1.68350168350168e-05
dagida,daida,1,1.68350168350168e-05
daida,dagida,1,1.68350168350168e-05
dak,dmk,11,0.000185185185185185
daldo,ballo,1,1.68350168350168e-05
danida,dagida,3114,0.0524242424242424
danidagovernment,chinagovernment,3,5.05050505050505e-05
daralber,arabi,15,0.000252525252525253
daressalaamroundtable,kanisalamenonite,1,1.68350168350168e-05
dasiip,dasip,1,1.68350168350168e-05
dasip,dasiip,37,0.000622895622895623
dasp,dacp,18,0.000303030303030303
daspltd,dasp,1,1.68350168350168e-05
dassip,dasiip,14,0.000235690235690236
daunoperaiosiciliano,europeanunion,1,1.68350168350168e-05
dawasa,auwasa,2,3.36700336700337e-05
dawasco,dawasa,6,0.000101010101010101
dbfpe,dbspe,3,5.05050505050505e-05
dbsp,dasp,1,1.68350168350168e-05
dbspe,dbfpe,5,8.41750841750842e-05
dct,act,20,0.000336700336700337
ddca,adra,1,1.68350168350168e-05
ddp,adp,5,8.41750841750842e-05
de,d,10,0.000168350168350168
ded,de,198,0.00333333333333333
dedkilo,undpilo,1,1.68350168350168e-05
dedrwsp,dedrwssp,1,1.68350168350168e-05
dedrwssp,dedrwsp,1,1.68350168350168e-05
denat,dina,2,3.36700336700337e-05
denish,dadis,2,3.36700336700337e-05
deogratiuskasima,lualikaima,1,1.68350168350168e-05
deskandchairfoundation,thedeskandchairfoundat,9,0.000151515151515152
devonaidkorogwe,drvnaidara,46,0.000774410774410775
dfid,bfwd,110,0.00185185185185185
dgv,dhv,1,1.68350168350168e-05
dh,ch,213,0.00358585858585859
dhinu,dina,3,5.05050505050505e-05
dhv,dgv,829,0.013956228956229
dhvgove,dhvmoro,10,0.000168350168350168
dhvmoro,dhvnorp,19,0.00031986531986532
dhvnorp,dhvmoro,32,0.000538720538720539
dhvswis,bgssws,1,1.68350168350168e-05
dimon,dmo,1,1.68350168350168e-05
dina,cida,1,1.68350168350168e-05
dioce,biore,2,3.36700336700337e-05
dioceseofgeita,oikoseafrika,4,6.73400673400673e-05
dioceseofmountkilimanjaro,lionsclubkilimanjaro,1,1.68350168350168e-05
districtcouncil,wbdistrictcouncil,843,0.0141919191919192
districtmedical,districtcouncil,1,1.68350168350168e-05
districtruralproject,mileniamproject,1,1.68350168350168e-05
diwani,chani,3,5.05050505050505e-05
dmd,ded,1,1.68350168350168e-05
dmdd,dmd,186,0.00313131313131313
dmddsolider,soliderm,1,1.68350168350168e-05
dmk,dak,5,8.41750841750842e-05
dmkanglican,african,1,1.68350168350168e-05
dmmd,dmd,2,3.36700336700337e-05
dmo,dmd,2,3.36700336700337e-05
do,co,8,0.000134680134680135
doctormwambi,actmara,1,1.68350168350168e-05
doddea,daida,3,5.05050505050505e-05
doktamwandulam,hassangulam,1,1.68350168350168e-05
dom,do,1,1.68350168350168e-05
domesticruraldevelopmentpr,domesticruraldevelopmentpro,1,1.68350168350168e-05
domesticruraldevelopmentpro,domesticruraldevelopmentpr,5,8.41750841750842e-05
domesticwatersupplyproject,districtruralproject,2,3.36700336700337e-05
dominikisimwen,gamedivision,1,1.68350168350168e-05
donerandcom,donerandded,1,1.68350168350168e-05
donerandded,donerandcom,1,1.68350168350168e-05
donor,conce,41,0.00069023569023569
dqnida,danida,1,1.68350168350168e-05
drdp,brdp,1,1.68350168350168e-05
drdpngo,kdrdpngo,17,0.000286195286195286
drvnaidara,daida,1,1.68350168350168e-05
drwssp,dwssp,1,1.68350168350168e-05
dsdp,asdp,1,1.68350168350168e-05
dsp,dasp,2,3.36700336700337e-05
duka,luka,1,1.68350168350168e-05
duwas,auwasa,8,0.000134680134680135
dv,d,1,1.68350168350168e-05
dw,d,27,0.000454545454545455
dwarf,aar,1,1.68350168350168e-05
dwe,de,484,0.00814814814814815
dweandveo,dwerudep,2,3.36700336700337e-05
dweanglicanchurch,anglicanchurch,1,1.68350168350168e-05
dwebambooprojec,kamataproject,4,6.73400673400673e-05
dwenorad,norad,50,0.000841750841750842
dwerudep,rudep,1,1.68350168350168e-05
dweubaloziwamarekani,ubaloziwamarekani,1,1.68350168350168e-05
dwsdp,dsdp,1,1.68350168350168e-05
dwsp,dasp,811,0.0136531986531987
dwssp,drwssp,47,0.000791245791245791
dwst,dwsp,1,1.68350168350168e-05
dwt,dct,3,5.05050505050505e-05
ea,el,5,8.41750841750842e-05
eastmerumediumschool,princemediumschool,1,1.68350168350168e-05
eater,water,1,1.68350168350168e-05
ebaha,esawa,8,0.000134680134680135
ecolodge,college,1,1.68350168350168e-05
educationfunds,tumainifund,1,1.68350168350168e-05
efg,af,19,0.00031986531986532
egypt,elct,2,3.36700336700337e-05
egyptgovernment,belgiangovernment,2,3.36700336700337e-05
egypttechnicalcooperation,tanzegypttechnicalcooper,1,1.68350168350168e-05
el,ea,7,0.000117845117845118
elca,elct,1,1.68350168350168e-05
elct,elca,15,0.000252525252525253
embasyofjapanintanzania,islamicagencytanzania,1,1.68350168350168e-05
engin,belgij,3,5.05050505050505e-05
engineerswithoutborder,insititutiona,1,1.68350168350168e-05
eno,no,2,3.36700336700337e-05
enyuati,enyueti,1,1.68350168350168e-05
enyueti,enyuati,3,5.05050505050505e-05
ereto,tareto,28,0.000471380471380471
ermua,area,1,1.68350168350168e-05
errekappa,redap,1,1.68350168350168e-05
esawa,gesawa,1,1.68350168350168e-05
esterndege,dwerudep,1,1.68350168350168e-05
eu,ea,3,5.05050505050505e-05
euacra,acra,18,0.000303030303030303
eungammethodistchurch,methodistchurch,2,3.36700336700337e-05
europeanunion,karadeango,48,0.000808080808080808
f,"",3,5.05050505050505e-05
fabia,alia,1,1.68350168350168e-05
fao,bao,2,3.36700336700337e-05
farmafrica,africa,5,8.41750841750842e-05
fathe,fatherw,37,0.000622895622895623
fatherbonifasi,waterboard,17,0.000286195286195286
fatherw,fathe,2,3.36700336700337e-05
fdc,idc,1,1.68350168350168e-05
fida,cida,1,1.68350168350168e-05
filo,ilo,6,0.000101010101010101
finidagermantanzaniagovt,cartastanzania,64,0.00107744107744108
finiwater,finnwater,393,0.00661616161616162
finland,holand,15,0.000252525252525253
finlandgovernment,villagegovernment,16,0.000269360269360269
finnwater,finiwater,33,0.000555555555555556
finw,dina,219,0.00368686868686869
finwater,finiwater,101,0.0017003367003367
fiwater,finwater,1,1.68350168350168e-05
floresta,bahresa,3,5.05050505050505e-05
folac,ola,1,1.68350168350168e-05
foreigne,careint,2,3.36700336700337e-05
fosecu,cocu,1,1.68350168350168e-05
fpct,act,15,0.000252525252525253
fpctchurch,agtchurch,3,5.05050505050505e-05
fpctmulala,actmara,1,1.68350168350168e-05
fptcpent,fpct,2,3.36700336700337e-05
franc,france,13,0.000218855218855219
france,franc,8,0.000134680134680135
frankfurt,franc,1,1.68350168350168e-05
fredkedconservation,friedkinconservationfund,1,1.68350168350168e-05
freepentecostechurchoftanz,pentecostachurch,4,6.73400673400673e-05
freshwaterplcengland,netherland,1,1.68350168350168e-05
friedkinconservationfund,fredkedconservation,1,1.68350168350168e-05
friendfromun,redcross,1,1.68350168350168e-05
friendsofkibarafoundation,kibarafoundation,2,3.36700336700337e-05
friendsofulamboandmwanhala,friendsofkibarafoundation,1,1.68350168350168e-05
fullgospelchurch,agapechurc,1,1.68350168350168e-05
fw,dw,173,0.00291245791245791
ga,ea,30,0.000505050505050505
gachumaginery,actmara,3,5.05050505050505e-05
gaica,jaica,6,0.000101010101010101
gain,ai,18,0.000303030303030303
gamedivision,worldvision,1,1.68350168350168e-05
gamefronti,samsoni,2,3.36700336700337e-05
gdid,dadid,2,3.36700336700337e-05
gdp,adp,1,1.68350168350168e-05
geitagoldmain,goldmain,3,5.05050505050505e-05
gen,de,54,0.000909090909090909
geochaina,chacha,4,6.73400673400673e-05
geraldtusekogro,karadeango,1,1.68350168350168e-05
germanmissionary,germanymissionary,1,1.68350168350168e-05
germany,acogermany,101,0.0017003367003367
germanycristians,germanymisionary,1,1.68350168350168e-05
germanymisionary,germanymissionary,11,0.000185185185185185
germanymissionary,germanmissionary,1,1.68350168350168e-05
germanyrepubli,germany,610,0.0102693602693603
gesawa,esawa,2,3.36700336700337e-05
getdsc00,gesawa,1,1.68350168350168e-05
getekwe,mtewe,1,1.68350168350168e-05
gg,cg,1,1.68350168350168e-05
ggm,bgm,3,5.05050505050505e-05
gilcafechurch,aicchurch,1,1.68350168350168e-05
giovandisinistrapersalve,makanyasisalestate,1,1.68350168350168e-05
giz,gtz,42,0.000707070707070707
globalfund,jimbofund,2,3.36700336700337e-05
go,co,181,0.00304713804713805
godii,gdid,1,1.68350168350168e-05
goldmain,gain,1,1.68350168350168e-05
goldwillfoundation,kombefoundation,1,1.68350168350168e-05
government,overnment,2,3.36700336700337e-05
governmentandcommunity,governmentcommunity,1,1.68350168350168e-05
governmentcommunity,governmentandcommunity,11,0.000185185185185185
governmentofmisri,governmentsda,2,3.36700336700337e-05
governmentoftanzania,governmentofmisri,9084,0.152929292929293
governmentschool,governmentsda,1,1.68350168350168e-05
governmentsda,government,1,1.68350168350168e-05
governmenttassaf,governmentsda,10,0.000168350168350168
governmenttcrs,government,1,1.68350168350168e-05
governmentworldbank,governmentworldvision,9,0.000151515151515152
governmentworldvision,governmentworldbank,1,1.68350168350168e-05
grailmissionkisekibar,germanmissionary,1,1.68350168350168e-05
granahalmashauri,halmashauri,1,1.68350168350168e-05
graziefrancolucchini,lutheranchurch,1,1.68350168350168e-05
graziegrouppopadrefiorentin,graziefrancolucchini,1,1.68350168350168e-05
greec,area,5,8.41750841750842e-05
greinaker,greineker,3,5.05050505050505e-05
greineker,greinaker,2,3.36700336700337e-05
grumeti,rumaki,53,0.000892255892255892
gt,ga,6,0.000101010101010101
gtz,giz,84,0.00141414141414141
gurdians,germany,1,1.68350168350168e-05
gwitembe,getekwe,2,3.36700336700337e-05
h,"",86,0.00144781144781145
h4ccp,ccp,1,1.68350168350168e-05
haam,ham,1,1.68350168350168e-05
haidomulutheranchurch,lutheranchurch,1,1.68350168350168e-05
halimashau,halimashauli,1,1.68350168350168e-05
halimashauli,halmashauli,1,1.68350168350168e-05
halmashauli,halimashauli,2,3.36700336700337e-05
halmashaur,halmashauri,8,0.000134680134680135
halmashauri,halmashauli,27,0.000454545454545455
halmashauriwil,halmashauri,2,3.36700336700337e-05
halmashauriyamanispatabora,halmashauriyawilaya,13,0.000218855218855219
halmashauriyawilaya,halmashauriwil,3,5.05050505050505e-05
halmashauriyawilayasikonge,halmashauriyawilaya,102,0.00171717171717172
ham,haam,18,0.000303030303030303
hamref,amref,1,1.68350168350168e-05
handenitrunkmain,handenitrunkmaini,5,8.41750841750842e-05
handenitrunkmaini,handenitrunkmain,1,1.68350168350168e-05
hans,abs,25,0.000420875420875421
hapa,hpa,7,0.000117845117845118
hapasingida,japanaid,1,1.68350168350168e-05
happywatotofoundation,bingofoundation,30,0.000505050505050505
harunampog,sunamco,1,1.68350168350168e-05
hasawa,hesawa,1,1.68350168350168e-05
hashi,rashid,1,1.68350168350168e-05
hasnanmurigmbunge,hasneinmuijmbunge,1,1.68350168350168e-05
hasneinmuijmbunge,hasnanmurigmbunge,1,1.68350168350168e-05
hasneinmurij,halmashauri,1,1.68350168350168e-05
hassangulam,hapasingida,1,1.68350168350168e-05
haydomlutheranhospital,hydomluthelani,1,1.68350168350168e-05
hdv,dv,1,1.68350168350168e-05
he,de,125,0.0021043771043771
healt,act,9,0.000151515151515152
healthministry,arabcommunity,1,1.68350168350168e-05
heartshelpinghandsinc,nerthlands,1,1.68350168350168e-05
henuredema,bened,1,1.68350168350168e-05
herimission,rcmission,1,1.68350168350168e-05
hery,he,1,1.68350168350168e-05
hesaw,hesawa,5,8.41750841750842e-05
hesawa,esawa,2202,0.0370707070707071
hesawaandconcernworldwide,concernworldwide,1,1.68350168350168e-05
hesawwa,hesawa,1,1.68350168350168e-05
hesawz,hesaw,5,8.41750841750842e-05
hesawza,hesawa,1,1.68350168350168e-05
hesswa,hesawa,1,1.68350168350168e-05
hewasa,hewawa,25,0.000420875420875421
hewawa,hesawa,1,1.68350168350168e-05
hez,he,1,1.68350168350168e-05
hhesawa,hesawa,1,1.68350168350168e-05
hiap,adap,4,6.73400673400673e-05
hifab,hiap,450,0.00757575757575758
hilfefurbrunder,bruder,1,1.68350168350168e-05
hindu,dhinu,3,5.05050505050505e-05
holand,holland,2,3.36700336700337e-05
holiliwatersupply,losakiawatersupply,1,1.68350168350168e-05
holla,holland,9,0.000151515151515152
holland,holand,33,0.000555555555555556
hongoli,chongolo,1,1.68350168350168e-05
hortanzia,mhoranzi,9,0.000151515151515152
hospital,caritas,5,8.41750841750842e-05
hotelsandlodgetanzania,hotelsandloggstzltd,1,1.68350168350168e-05
hotelsandloggstzltd,hotelsandlodgetanzania,1,1.68350168350168e-05
hpa,hapa,2,3.36700336700337e-05
hsw,hw,101,0.0017003367003367
htm,ham,2,3.36700336700337e-05
huches,luthe,1,1.68350168350168e-05
hw,dw,3,5.05050505050505e-05
hwrc,cgrc,27,0.000454545454545455
hydomluthelani,lutheran,3,5.05050505050505e-05
iado,nado,1,1.68350168350168e-05
icap,icdp,1,1.68350168350168e-05
icdp,icap,1,1.68350168350168e-05
icf,ics,1,1.68350168350168e-05
ics,icf,33,0.000555555555555556
idarayamaji,wirarayamaji,54,0.000909090909090909
idc,fdc,92,0.00154882154882155
idea,adra,11,0.000185185185185185
idf,adf,1,1.68350168350168e-05
idydc,idc,17,0.000286195286195286
iec,idc,8,0.000134680134680135
if,af,1,1.68350168350168e-05
ifad,bfwd,27,0.000454545454545455
ifakara,aar,3,5.05050505050505e-05
igololacommunity,ilwilocommunity,1,1.68350168350168e-05
ikelawa,esawa,9,0.000151515151515152
ikeuchitowelsjapan,kkktdiocesyapare,2,3.36700336700337e-05
il,el,29,0.000488215488215488
ilaramataki,laramatak,1,1.68350168350168e-05
ilct,elct,23,0.000387205387205387
ilkerivillage,ndukuvillage,5,8.41750841750842e-05
ilo,filo,33,0.000555555555555556
iloundp,undp,1,1.68350168350168e-05
ilwilocommunity,igololacommunity,1,1.68350168350168e-05
imf,icf,14,0.000235690235690236
in,if,6,0.000101010101010101
incerto,investor,1,1.68350168350168e-05
inkinda,kinga,1,1.68350168350168e-05
inmemoriadialbeto,leopadabeid,1,1.68350168350168e-05
insititutiona,institution,1,1.68350168350168e-05
institution,insititutiona,12,0.000202020202020202
institutional,insititutiona,4,6.73400673400673e-05
insututional,institutional,2,3.36700336700337e-05
internaldrainagebasin,laketanganyikabasin,1,1.68350168350168e-05
internationalaidservices,careinternational,1,1.68350168350168e-05
investor,incerto,2,3.36700336700337e-05
iom,dom,1,1.68350168350168e-05
ir,br,123,0.00207070707070707
irangover,birage,2,3.36700336700337e-05
irc,idc,2,3.36700336700337e-05
ireveasister,ireveasisterwater,3,5.05050505050505e-05
ireveasisterwater,ireveasister,1,1.68350168350168e-05
irishai,rished,59,0.000993265993265993
irishgovernment,isfgovernment,2,3.36700336700337e-05
is,bs,125,0.0021043771043771
isf,bsf,316,0.00531986531986532
isfgovernment,government,16,0.000269360269360269
isfgvt,isf,1,1.68350168350168e-05
isftacare,msftacare,14,0.000235690235690236
isftasaff,isftacare,1,1.68350168350168e-05
isingiroho,mwigicho,14,0.000235690235690236
islam,islamic,6,0.000101010101010101
islamic,islam,20,0.000336700336700337
islamicagencytanzania,plantanzania,2,3.36700336700337e-05
islamiccommunity,ilwilocommunity,1,1.68350168350168e-05
islamicfound,islamic,35,0.000589225589225589
islamicsociety,muslimsociety,1,1.68350168350168e-05
isnashiaand,masailand,1,1.68350168350168e-05
issamohameditumwanga,islamicagencytanzania,1,1.68350168350168e-05
italian,alia,1,1.68350168350168e-05
italy,balo,2,3.36700336700337e-05
italygovernment,irishgovernment,3,5.05050505050505e-05
iucn,icf,1,1.68350168350168e-05
iwash,swash,27,0.000454545454545455
jacobin,acord,1,1.68350168350168e-05
jafarymbaga,japanembassy,1,1.68350168350168e-05
jaica,gaica,280,0.00471380471380471
jamal,japan,1,1.68350168350168e-05
jamalabdallah,mmanyaabdallah,1,1.68350168350168e-05
japan,hapa,82,0.00138047138047138
japanaid,japan,3,5.05050505050505e-05
japanembassy,usaembassy,3,5.05050505050505e-05
japanfood,japanaid,5,8.41750841750842e-05
japanfoodaid,japanfood,1,1.68350168350168e-05
japanfoodaidcounterpart,japanfoodaid,1,1.68350168350168e-05
japangovernment,ciprogovernment,1,1.68350168350168e-05
jbg,abd,38,0.00063973063973064
jeica,jaica,13,0.000218855218855219
jeshilawokovu,jeshilawokovucida,7,0.000117845117845118
jeshilawokovucida,jeshilawokovu,1,1.68350168350168e-05
jgb,adb,5,8.41750841750842e-05
jica,jaica,259,0.00436026936026936
jika,jica,30,0.000505050505050505
jimbofund,johnfund,6,0.000101010101010101
jimmy,commu,2,3.36700336700337e-05
jipa,jica,1,1.68350168350168e-05
johnfund,jimbofund,1,1.68350168350168e-05
johngileth,johnskwese,1,1.68350168350168e-05
johnskwese,johngileth,1,1.68350168350168e-05
ju,eu,1,1.68350168350168e-05
judgemchome,jumanne,2,3.36700336700337e-05
juhibu,bumabu,2,3.36700336700337e-05
juma,jumaa,1,1.68350168350168e-05
jumaa,juma,1,1.68350168350168e-05
jumanne,juma,1,1.68350168350168e-05
jumannesiabo,jumanne,1,1.68350168350168e-05
jusarangchurchandbugango,bukwangchurchsaint,1,1.68350168350168e-05
justinemarwa,actmara,1,1.68350168350168e-05
jwtz,dwt,1,1.68350168350168e-05
k,"",2,3.36700336700337e-05
ka,ea,39,0.000656565656565657
kaaya,kalta,1,1.68350168350168e-05
kadip,kadp,1,1.68350168350168e-05
kadp,adp,19,0.00031986531986532
kadresngo,kdrdpngo,9,0.000151515151515152
kaemp,kadip,69,0.00116161616161616
kagera,kahema,1,1.68350168350168e-05
kageramine,kagera,1,1.68350168350168e-05
kagungulisecondary,zingibalisecondary,1,1.68350168350168e-05
kahema,kaemp,1,1.68350168350168e-05
kajima,kahema,1,1.68350168350168e-05
kalebejoparish,komeparish,1,1.68350168350168e-05
kalitasi,kalitesi,24,0.000404040404040404
kalitesi,kalitasi,1,1.68350168350168e-05
kalta,kata,30,0.000505050505050505
kamama,kaaya,1,1.68350168350168e-05
kamataproject,camartec,1,1.68350168350168e-05
kambimigoko,aimgold,2,3.36700336700337e-05
kanamama,kamama,1,1.68350168350168e-05
kando,daldo,1,1.68350168350168e-05
kanis,kanisa,1,1.68350168350168e-05
kanisa,kanis,9,0.000151515151515152
kanisakatoliki,kanisalatag,7,0.000117845117845118
kanisakatolikilolovoni,kanisakatoliki,31,0.000521885521885522
kanisalamenonite,kanisalamitume,27,0.000454545454545455
kanisalamitume,kanisalaneema,1,1.68350168350168e-05
kanisalaneema,kanisalamitume,1,1.68350168350168e-05
kanisalatag,kanamama,1,1.68350168350168e-05
kanisani,kanisa,1,1.68350168350168e-05
kapelo,ballo,1,1.68350168350168e-05
karadeango,kadresngo,1,1.68350168350168e-05
kashwas,hasawa,4,6.73400673400673e-05
kassim,dassip,1,1.68350168350168e-05
kata,kalta,2,3.36700336700337e-05
kauzeni,cheni,1,1.68350168350168e-05
kayempultd,daspltd,1,1.68350168350168e-05
kc,c,1,1.68350168350168e-05
kcu,kc,1,1.68350168350168e-05
kdc,fdc,1,1.68350168350168e-05
kdpa,adp,1,1.68350168350168e-05
kdrdpngo,drdpngo,2,3.36700336700337e-05
kegocha,chacha,1,1.68350168350168e-05
kenyanscompany,oldnyikacompany,1,1.68350168350168e-05
kerebuka,benguka,2,3.36700336700337e-05
kfw,fw,2,3.36700336700337e-05
ki,ai,124,0.00208754208754209
kibahaindependentschool,governmentschool,2,3.36700336700337e-05
kibahatowncouncil,towncouncil,68,0.00114478114478115
kibarafoundation,bingofoundation,1,1.68350168350168e-05
kibo,filo,2,3.36700336700337e-05
kibobrewaries,komeparish,2,3.36700336700337e-05
kidep,kidp,29,0.000488215488215488
kidika,bilila,1,1.68350168350168e-05
kidp,kadp,36,0.000606060606060606
kigomamunicipal,kigomamunicipalcouncil,5,8.41750841750842e-05
kigomamunicipalcouncil,taboramunicipalcouncil,1,1.68350168350168e-05
kigwa,kinga,1,1.68350168350168e-05
kijij,kijiji,1,1.68350168350168e-05
kijiji,kijij,4,6.73400673400673e-05
kikom,iom,1,1.68350168350168e-05
kikundichaakinamama,kiwandachasamaki,1,1.68350168350168e-05
kilimarondoparish,loliondoparish,1,1.68350168350168e-05
kilimo,bilila,1,1.68350168350168e-05
kilindidistrictco,mkingadistriccou,53,0.000892255892255892
kiliwater,kilwater,189,0.00318181818181818
killflora,bilila,21,0.000353535353535354
kilol,filo,1,1.68350168350168e-05
kilomber,kilwater,8,0.000134680134680135
kilwater,kiliwater,25,0.000420875420875421
kimkuma,kiuma,6,0.000101010101010101
kinapa,kinga,12,0.000202020202020202
kindorokowaterproject,rilayowaterproject,1,1.68350168350168e-05
kinga,dina,1,1.68350168350168e-05
kingupiras,kinapa,9,0.000151515151515152
kipopotry,kilomber,1,1.68350168350168e-05
kirde,kirdep,54,0.000909090909090909
kirdep,kidep,5,8.41750841750842e-05
kitiangarevillagecommunity,ngiresivillagecommunity,1,1.68350168350168e-05
kiuma,juma,32,0.000538720538720539
kiwandachangozi,kiwandachasamaki,1,1.68350168350168e-05
kiwandachasamaki,kiwandachangozi,2,3.36700336700337e-05
kiwandachatangawizi,kiwandachangozi,3,5.05050505050505e-05
kizegojumaa,jumaa,1,1.68350168350168e-05
kizenga,kinga,1,1.68350168350168e-05
kkkt,kmt,1287,0.0216666666666667
kkktcanal,kkktmakwale,1,1.68350168350168e-05
kkktchurch,agtchurch,70,0.00117845117845118
kkktdiocesyapare,kkktcanal,10,0.000168350168350168
kkktdme,kkkt,2,3.36700336700337e-05
kkktleguruki,kkktchurch,1,1.68350168350168e-05
kkktmakwale,kkktcanal,166,0.00279461279461279
kkktmareu,kkktcanal,1,1.68350168350168e-05
kkktndrumangeni,kiwandachangozi,1,1.68350168350168e-05
kkktusa,kkkt,1,1.68350168350168e-05
kmcl,cmcr,10,0.000168350168350168
kmt,act,3,5.05050505050505e-05
koica,koico,9,0.000151515151515152
koicaandtanzaniagovernment,lwicentralgovernment,3,5.05050505050505e-05
koico,koica,1,1.68350168350168e-05
kokornel,konoike,1,1.68350168350168e-05
kolopin,goldmain,1,1.68350168350168e-05
kombefoundation,kujifoundation,2,3.36700336700337e-05
komeparish,msdanish,1,1.68350168350168e-05
kondela,doddea,1,1.68350168350168e-05
kondoprimary,kingupiras,1,1.68350168350168e-05
konoike,conce,4,6.73400673400673e-05
kopwekhalifa,komeparish,1,1.68350168350168e-05
korea,area,3,5.05050505050505e-05
krp,adp,5,8.41750841750842e-05
ku,eu,1,1.68350168350168e-05
kuamu,bumabu,19,0.00031986531986532
kujifoundation,kombefoundation,1,1.68350168350168e-05
kurrp,krp,1,1.68350168350168e-05
kurrpki,kurrp,1,1.68350168350168e-05
kuwait,kuwasa,72,0.00121212121212121
kuwasa,auwasa,38,0.00063973063973064
kwaditrikicho,mwigicho,1,1.68350168350168e-05
kwamakala,kamama,1,1.68350168350168e-05
kwamduluestate,mweliaestate,1,1.68350168350168e-05
kwamzeewaziri,chaiwazir,1,1.68350168350168e-05
kwangnammiddleschool,longidosecschool,1,1.68350168350168e-05
kwaruhombohe,adpmombo,1,1.68350168350168e-05
kwasenengegroup,waterusergroup,1,1.68350168350168e-05
kwik,ki,2,3.36700336700337e-05
kwikwiz,kwik,12,0.000202020202020202
kyariga,kajima,2,3.36700336700337e-05
kyelacouncil,council,7,0.000117845117845118
kyelamorogoro,kyelacouncil,1,1.68350168350168e-05
l,"",3,5.05050505050505e-05
laizer,eater,1,1.68350168350168e-05
laketanganyika,laketanganyikabasin,3,5.05050505050505e-05
laketanganyikabasin,laketanganyika,1,1.68350168350168e-05
laketanganyikaprodap,laketanganyika,1,1.68350168350168e-05
lamp,adp,110,0.00185185185185185
laramatak,ilaramataki,2,3.36700336700337e-05
latfu,patuu,1,1.68350168350168e-05
lawatefukawatersuppl,lawatefukawatersupply,7,0.000117845117845118
lawatefukawatersupply,lawatefukawatersuppl,180,0.00303030303030303
lc,c,1,1.68350168350168e-05
lcdg,cdg,3,5.05050505050505e-05
lcgd,ldcgd,4,6.73400673400673e-05
ldcdd,ldcgd,1,1.68350168350168e-05
ldcgd,lcgd,1,1.68350168350168e-05
leekangpyungsfamily,stevennyangarika,1,1.68350168350168e-05
legezalegeza,magereza,1,1.68350168350168e-05
lench,bened,4,6.73400673400673e-05
lenchtaramai,geochaina,2,3.36700336700337e-05
leopadabeid,canadaaid,1,1.68350168350168e-05
lg,cg,1,1.68350168350168e-05
lga,ga,442,0.00744107744107744
lgaandadb,canada,2,3.36700336700337e-05
lgcbg,lgcdg,3,5.05050505050505e-05
lgcd,lgcdg,1,1.68350168350168e-05
lgcdg,lcdg,13,0.000218855218855219
lgcgd,lcgd,1,1.68350168350168e-05
lgdbg,lgcbg,1,1.68350168350168e-05
lgdcg,lgdbg,3,5.05050505050505e-05
lidep,kidep,3,5.05050505050505e-05
lifetime,fathe,12,0.000202020202020202
lionclu,lionsclub,1,1.68350168350168e-05
lions,lionsc,4,6.73400673400673e-05
lionsc,lions,1,1.68350168350168e-05
lionsclub,lionclu,5,8.41750841750842e-05
lionsclubkilimanjaro,dioceseofmountkilimanjaro,1,1.68350168350168e-05
lips,rips,27,0.000454545454545455
lisa,sisa,2,3.36700336700337e-05
liuwassa,auwasa,3,5.05050505050505e-05
livin,lvia,16,0.000269360269360269
livingwaterinternational,careinternational,14,0.000235690235690236
liz,giz,1,1.68350168350168e-05
lizad,ifad,1,1.68350168350168e-05
local,cocen,7,0.000117845117845118
loliondoparish,kilimarondoparish,4,6.73400673400673e-05
loliondosecondary,secondary,4,6.73400673400673e-05
longga,kinga,1,1.68350168350168e-05
longidosecschool,polandsecschool,4,6.73400673400673e-05
loocip,cip,1,1.68350168350168e-05
losaakiawatersupply,losakiawatersupply,62,0.00104377104377104
losakiawatersupply,losaakiawatersupply,5,8.41750841750842e-05
lotaryclub,rotaryclub,2,3.36700336700337e-05
lotaryinternational,careinternational,1,1.68350168350168e-05
lottery,others,1,1.68350168350168e-05
lotteryclub,lotaryclub,8,0.000134680134680135
louiseelucassala,liuwassa,1,1.68350168350168e-05
lowasa,sowasa,12,0.000202020202020202
lualikaima,alia,1,1.68350168350168e-05
lucheleguprimaryschool,spcpreprimaryschool,1,1.68350168350168e-05
luka,duka,1,1.68350168350168e-05
lukesamarasltd,kwamakala,1,1.68350168350168e-05
lungwe,longga,1,1.68350168350168e-05
lusajo,lisa,1,1.68350168350168e-05
luthe,ruthe,22,0.00037037037037037
lutheran,luthe,4,6.73400673400673e-05
lutheranchurch,anglicanchurch,12,0.000202020202020202
lvemp,rvemp,3,5.05050505050505e-05
lvia,alia,147,0.00247474747474747
lwf,awf,2,3.36700336700337e-05
lwi,lwf,72,0.00121212121212121
lwicentralgovernment,chinagovernment,3,5.05050505050505e-05
lwijiitaly,italy,16,0.000269360269360269
m,"",1,1.68350168350168e-05
ma,ea,1,1.68350168350168e-05
maajabupima,kajima,1,1.68350168350168e-05
maashumumohamed,ssmohamed,1,1.68350168350168e-05
mac,ma,6,0.000101010101010101
machibyaguma,majimugumu,1,1.68350168350168e-05
madaraweshi,madra,1,1.68350168350168e-05
madra,adra,1,1.68350168350168e-05
maerere,amrefe,1,1.68350168350168e-05
mafwimbo,makombo,1,1.68350168350168e-05
magadinimakiwaruwater,makanyasisalestate,179,0.00301346801346801
magani,arabi,1,1.68350168350168e-05
magereza,kagera,2,3.36700336700337e-05
magige,dagida,1,1.68350168350168e-05
magomaadp,mamad,19,0.00031986531986532
magufoodsecurity,marumbocommunity,1,1.68350168350168e-05
magul,abdul,1,1.68350168350168e-05
magutumaro,mataro,1,1.68350168350168e-05
mahemba,kahema,1,1.68350168350168e-05
mahita,masista,1,1.68350168350168e-05
majengoprima,maajabupima,1,1.68350168350168e-05
majimugumu,majumugumu,19,0.00031986531986532
majumugumu,majimugumu,1,1.68350168350168e-05
makanga,makona,1,1.68350168350168e-05
makanyasisalestate,kanisalatag,1,1.68350168350168e-05
makapuchini,wamakapuchini,1,1.68350168350168e-05
makli,makori,1,1.68350168350168e-05
makombo,mafwimbo,1,1.68350168350168e-05
makona,makanga,1,1.68350168350168e-05
makondakondewaterpopulation,makondewaterpopulation,1,1.68350168350168e-05
makonde,makonder,6,0.000101010101010101
makonder,makonde,1,1.68350168350168e-05
makondewaterpopulation,makondakondewaterpopulation,19,0.00031986531986532
makondewatersupply,holiliwatersupply,3,5.05050505050505e-05
makori,makli,1,1.68350168350168e-05
makoyemasanzu,magomaadp,2,3.36700336700337e-05
makundya,makanga,1,1.68350168350168e-05
makuru,makori,2,3.36700336700337e-05
makusa,makona,1,1.68350168350168e-05
malec,males,3,5.05050505050505e-05
males,malec,1,1.68350168350168e-05
maliasili,kalitasi,1,1.68350168350168e-05
malola,makona,1,1.68350168350168e-05
mamad,mamaz,14,0.000235690235690236
mamaku,mamad,1,1.68350168350168e-05
mamamerynagu,muhameidna,2,3.36700336700337e-05
mamaz,mamad,1,1.68350168350168e-05
mambe,mamad,1,1.68350168350168e-05
mamlakayamajingara,idarayamaji,8,0.000134680134680135
mamvuakakungu,makanga,1,1.68350168350168e-05
mandp,adp,1,1.68350168350168e-05
mangotree,irangover,1,1.68350168350168e-05
manyotaprimaryschool,upendoprimaryschool,1,1.68350168350168e-05
manyovuagricultureinstitute,makanyasisalestate,1,1.68350168350168e-05
marafin,marafip,1,1.68350168350168e-05
marafip,marafin,68,0.00114478114478115
marke,mambe,1,1.68350168350168e-05
maro,aar,2,3.36700336700337e-05
marokyariga,kyariga,1,1.68350168350168e-05
marumbocommunity,arabcommunity,1,1.68350168350168e-05
masailand,african,1,1.68350168350168e-05
masekacommunity,arabcommunity,1,1.68350168350168e-05
masese,males,1,1.68350168350168e-05
mashaka,hasawa,2,3.36700336700337e-05
masista,mahita,1,1.68350168350168e-05
maswidrillingcoltd,africaoneltd,1,1.68350168350168e-05
mataro,maro,2,3.36700336700337e-05
matataselemani,rajabseleman,1,1.68350168350168e-05
matimbwasec,mtibwas,1,1.68350168350168e-05
matogoro,mataro,1,1.68350168350168e-05
matyenye,balyehe,1,1.68350168350168e-05
mavunongo,acordngo,4,6.73400673400673e-05
maxavella,camavita,13,0.000218855218855219
mayiro,maro,1,1.68350168350168e-05
mazarokabula,marokyariga,1,1.68350168350168e-05
mbeje,mtewe,1,1.68350168350168e-05
mbiusa,makusa,1,1.68350168350168e-05
mbiuwasa,mbiusa,35,0.000589225589225589
mboma,miomb,6,0.000101010101010101
mbonisalehe,salehe,1,1.68350168350168e-05
mbozidistrictcouncil,wbdistrictcouncil,7,0.000117845117845118
mbozihospital,hospital,1,1.68350168350168e-05
mbozisecondaryschool,secondaryschoo,1,1.68350168350168e-05
mbunge,mzung,18,0.000303030303030303
mbuzimawe,mkulima,1,1.68350168350168e-05
mbwanaomari,mwalimuomari,1,1.68350168350168e-05
mbwiro,mayiro,1,1.68350168350168e-05
mchukwihos,chuo,3,5.05050505050505e-05
md,d,61,0.00102693602693603
mdc,fdc,17,0.000286195286195286
mdgwc,mdc,5,8.41750841750842e-05
mdrdp,drdp,86,0.00144781144781145
meco,co,1,1.68350168350168e-05
medicine,african,1,1.68350168350168e-05
mekobalo,balo,1,1.68350168350168e-05
mem,mgm,9,0.000151515151515152
membero,mambe,1,1.68350168350168e-05
memberofparliament,memberofperliamentahmedali,8,0.000134680134680135
memberofperliamentahmedali,memberofparliament,1,1.68350168350168e-05
menon,eno,7,0.000117845117845118
meruconcrete,africanrelie,1,1.68350168350168e-05
methodistchurch,batistchurch,1,1.68350168350168e-05
mfukowajimbo,mafwimbo,1,1.68350168350168e-05
mfukowajimbolamagu,mfukowajimbo,1,1.68350168350168e-05
mganga,makanga,1,1.68350168350168e-05
mgaya,kaaya,1,1.68350168350168e-05
mgayamasese,masese,1,1.68350168350168e-05
mgm,bgm,5,8.41750841750842e-05
mhan,chani,12,0.000202020202020202
mhchiza,mahita,1,1.68350168350168e-05
mhezadistriccounc,mkingadistriccoun,6,0.000101010101010101
mhina,dhinu,1,1.68350168350168e-05
mhjssumari,magutumaro,1,1.68350168350168e-05
mhkapuya,hapa,3,5.05050505050505e-05
mhoranzi,uhoranzi,1,1.68350168350168e-05
mhuzu,mkuyu,1,1.68350168350168e-05
mi,ai,16,0.000269360269360269
miab,hiap,1,1.68350168350168e-05
mianz,mhan,3,5.05050505050505e-05
mikumig,bukumbi,1,1.68350168350168e-05
milenia,kizenga,8,0.000134680134680135
mileniamproject,kamataproject,26,0.000437710437710438
millenium,milenia,10,0.000168350168350168
minis,kanis,4,6.73400673400673e-05
ministryofagricultura,ministryofeducation,1,1.68350168350168e-05
ministryofeducation,ministryofwater,6,0.000101010101010101
ministryofhealthy,ministryofwater,2,3.36700336700337e-05
ministryofwater,ministryofhealthy,590,0.00993265993265993
minjingu,inkinda,3,5.05050505050505e-05
miomb,iom,3,5.05050505050505e-05
misanageorge,mangotree,1,1.68350168350168e-05
misheni,cheni,1,1.68350168350168e-05
misrigovernment,ciprogovernment,1,1.68350168350168e-05
missi,missio,87,0.00146464646464646
missio,missi,2,3.36700336700337e-05
mission,missio,301,0.00506734006734007
missionaries,missionary,24,0.000404040404040404
missionary,rcmissionary,3,5.05050505050505e-05
mitema,idea,1,1.68350168350168e-05
miziriol,mayiro,46,0.000774410774410775
mkingadistriccou,mkingadistriccoun,62,0.00104377104377104
mkingadistriccoun,mkingadistriccou,150,0.00252525252525253
mkulima,kajima,1,1.68350168350168e-05
mkuluku,mkulima,1,1.68350168350168e-05
mkurugenzi,kauzeni,1,1.68350168350168e-05
mkuyu,makuru,17,0.000286195286195286
mmanyaabdallah,jamalabdallah,1,1.68350168350168e-05
mmem,mem,3,5.05050505050505e-05
mmggoldmine,goldmain,2,3.36700336700337e-05
mnyama,mnyambe,1,1.68350168350168e-05
mnyambe,mambe,1,1.68350168350168e-05
mnyamisijumaa,mnyama,1,1.68350168350168e-05
morad,moradi,1,1.68350168350168e-05
moradi,morad,2,3.36700336700337e-05
moravian,morovian,4,6.73400673400673e-05
moroil,maro,8,0.000134680134680135
morovian,moravian,3,5.05050505050505e-05
morovianchurch,romanchurch,8,0.000134680134680135
morrovian,morovian,1,1.68350168350168e-05
moses,males,1,1.68350168350168e-05
moshonoadp,magomaadp,1,1.68350168350168e-05
moslemfoundation,kombefoundation,6,0.000101010101010101
mosque,mosqure,13,0.000218855218855219
mosqure,mosque,1,1.68350168350168e-05
motibamanyanya,motibawambura,1,1.68350168350168e-05
motibawambura,rhobiwambura,1,1.68350168350168e-05
mow,co,1,1.68350168350168e-05
moyowosibasin,morovian,1,1.68350168350168e-05
mp,m,2,3.36700336700337e-05
mpmloka,malola,1,1.68350168350168e-05
mpmzeru,membero,5,8.41750841750842e-05
mrtc,mtc,1,1.68350168350168e-05
ms,bs,42,0.000707070707070707
msabi,arabi,17,0.000286195286195286
msdanish,denish,1,1.68350168350168e-05
msf,bsf,20,0.000336700336700337
msftacare,isftacare,13,0.000218855218855219
msigw,msigwa,1,1.68350168350168e-05
msigwa,msigw,1,1.68350168350168e-05
msiki,msabi,1,1.68350168350168e-05
msikiti,msiki,16,0.000269360269360269
msikitimasji,msikitini,1,1.68350168350168e-05
msikitini,msikiti,1,1.68350168350168e-05
mstiiti,msikiti,1,1.68350168350168e-05
msudi,msabi,1,1.68350168350168e-05
mtambo,mambe,1,1.68350168350168e-05
mtc,mac,2,3.36700336700337e-05
mtewe,mbeje,1,1.68350168350168e-05
mtibwas,mbiuwasa,3,5.05050505050505e-05
mtuwasa,muwasa,8,0.000134680134680135
mtuwasaandcommunity,masekacommunity,3,5.05050505050505e-05
muhameidna,mhina,2,3.36700336700337e-05
muhindi,hindu,1,1.68350168350168e-05
muhochikissaka,chachaissame,1,1.68350168350168e-05
muislam,islam,1,1.68350168350168e-05
muivaru,bumabu,1,1.68350168350168e-05
mungaya,mgaya,1,1.68350168350168e-05
municipalcouncil,kigomamunicipalcouncil,1,1.68350168350168e-05
muniko,mayiro,1,1.68350168350168e-05
musilimagency,muslims,4,6.73400673400673e-05
muslimehefeninternational,compasioninternational,1,1.68350168350168e-05
muslims,mkulima,10,0.000168350168350168
muslimsociety,islamicsociety,1,1.68350168350168e-05
muslimusocietyshia,muslimsociety,1,1.68350168350168e-05
muslimworld,muslims,1,1.68350168350168e-05
muwasa,auwasa,1,1.68350168350168e-05
muwsa,muwasa,107,0.0018013468013468
mwakabalula,kwamakala,1,1.68350168350168e-05
mwakalinga,makanga,1,1.68350168350168e-05
mwakifuna,makona,1,1.68350168350168e-05
mwalimumaneromangomuhenzi,mwalimumuhenza,1,1.68350168350168e-05
mwalimumuhenza,mwakifuna,1,1.68350168350168e-05
mwalimuomari,mbwanaomari,1,1.68350168350168e-05
mwamama,kamama,1,1.68350168350168e-05
mwamvitarajabu,swaleherajab,1,1.68350168350168e-05
mwanaishamwidadi,mbwanaomari,1,1.68350168350168e-05
mwanamisially,mwakabalula,1,1.68350168350168e-05
mwangatownwaterauthority,waterauthority,4,6.73400673400673e-05
mwanza,mganga,1,1.68350168350168e-05
mwayamn,mwamama,22,0.00037037037037037
mweliaestate,segeraestate,3,5.05050505050505e-05
mwigicho,swidish,2,3.36700336700337e-05
mwingereza,magereza,1,1.68350168350168e-05
mwinjumamzee,jumanne,1,1.68350168350168e-05
mwita,mahita,1,1.68350168350168e-05
mwitakichere,mwitamachota,1,1.68350168350168e-05
mwitalucas,italian,1,1.68350168350168e-05
mwitamachota,mwitamahiti,1,1.68350168350168e-05
mwitamahiti,mwitamachota,1,1.68350168350168e-05
mwitamuremi,mwitamahiti,2,3.36700336700337e-05
mwlmwita,mwita,1,1.68350168350168e-05
mwlnyereresecschool,longidosecschool,2,3.36700336700337e-05
mws,ms,7,0.000117845117845118
mzeedon,menon,3,5.05050505050505e-05
mzeelesilali,mzeeomari,1,1.68350168350168e-05
mzeemabena,mahemba,1,1.68350168350168e-05
mzeemkungata,mzeengwatu,1,1.68350168350168e-05
mzeengwatu,mzeemkungata,1,1.68350168350168e-05
mzeeomari,mzeesmith,2,3.36700336700337e-05
mzeesalumbakaridarus,mzeeomari,1,1.68350168350168e-05
mzeesh,males,1,1.68350168350168e-05
mzeeshindika,muhindi,1,1.68350168350168e-05
mzeesmith,mzeesh,1,1.68350168350168e-05
mzeewaziritajari,kwamzeewaziri,1,1.68350168350168e-05
mzeeyassinnaya,mzeeshindika,1,1.68350168350168e-05
mzingaa,kinga,9,0.000151515151515152
mzung,mzungu,2,3.36700336700337e-05
mzungu,mzung,1,1.68350168350168e-05
mzungupaul,mzungu,6,0.000101010101010101
nado,iado,10,0.000168350168350168
namungominers,dmddsolider,1,1.68350168350168e-05
nasan,nassan,1,1.68350168350168e-05
nassan,nasan,1,1.68350168350168e-05
nassorfehed,acord,3,5.05050505050505e-05
natherland,netherland,1,1.68350168350168e-05
natio,nado,1,1.68350168350168e-05
nationalpark,nationalrural,1,1.68350168350168e-05
nationalrural,nationalruralwb,62,0.00104377104377104
nationalruralandhfa,nationalrural,12,0.000202020202020202
nationalruralwb,nationalrural,1,1.68350168350168e-05
nazaletchurch,nazarethchurch,1,1.68350168350168e-05
nazaleti,ndolezi,1,1.68350168350168e-05
nazarethchurch,nazaletchurch,2,3.36700336700337e-05
ncaa,acra,63,0.00106060606060606
nchagwa,chacha,2,3.36700336700337e-05
ncs,ics,1,1.68350168350168e-05
nddp,ddp,2,3.36700336700337e-05
ndm,adb,1,1.68350168350168e-05
ndolezi,boazi,1,1.68350168350168e-05
ndorobotours,donor,1,1.68350168350168e-05
ndrdp,drdp,78,0.00131313131313131
ndukuvillage,subvillage,3,5.05050505050505e-05
neemiamission,herimission,2,3.36700336700337e-05
nerthlands,netherlands,1,1.68350168350168e-05
nethalan,netherla,152,0.00255892255892256
nethe,fathe,26,0.000437710437710438
netherla,netherland,1,1.68350168350168e-05
netherland,natherland,4,6.73400673400673e-05
netherlands,netherland,470,0.00791245791245791
ngelepogroup,reginagroup,1,1.68350168350168e-05
nginila,bilila,1,1.68350168350168e-05
ngiresivillagecommunity,olgilaivillagecommunity,3,5.05050505050505e-05
ngo,go,1,1.68350168350168e-05
ngos,ngo,6,0.000101010101010101
ngumi,bgm,1,1.68350168350168e-05
niger,cper,2,3.36700336700337e-05
nimrodimkonomb,dimon,1,1.68350168350168e-05
niponpanoco,pangadeco,1,1.68350168350168e-05
nirad,norad,2,3.36700336700337e-05
njula,juma,1,1.68350168350168e-05
nk,k,8,0.000134680134680135
nmdcindia,muhindi,1,1.68350168350168e-05
no,co,134,0.00225589225589226
noelimahobokela,nyitamboka,1,1.68350168350168e-05
none,conce,2,3.36700336700337e-05
norad,morad,765,0.0128787878787879
noradgovernment,japangovernment,21,0.000353535353535354
noradjapan,noradtassaf,1,1.68350168350168e-05
noradkidep,noradrudep,20,0.000336700336700337
noradrudep,noradkidep,1,1.68350168350168e-05
noradtassaf,noradtassafii,2,3.36700336700337e-05
noradtassafii,noradtassaf,2,3.36700336700337e-05
norani,moradi,1,1.68350168350168e-05
nordic,afric,1,1.68350168350168e-05
norplan,norad,1,1.68350168350168e-05
norwayaid,norad,1,1.68350168350168e-05
noshad,noshadi,1,1.68350168350168e-05
noshadi,noshad,1,1.68350168350168e-05
notknown,unknown,27,0.000454545454545455
nrwssp,drwssp,4,6.73400673400673e-05
nsc,aic,5,8.41750841750842e-05
nssf,bsf,1,1.68350168350168e-05
nwssp,dwssp,2,3.36700336700337e-05
nyabarongokegoro,kyelamorogoro,1,1.68350168350168e-05
nyabibuyeislamiccenter,theislamic,1,1.68350168350168e-05
nyabweta,bakwata,1,1.68350168350168e-05
nyahale,yaole,1,1.68350168350168e-05
nyakahomwita,nyabweta,1,1.68350168350168e-05
nyamasagi,dawasa,1,1.68350168350168e-05
nyamingusubvillage,ndukuvillage,1,1.68350168350168e-05
nyamongogoldmining,mmggoldmine,4,6.73400673400673e-05
nyamuhangamaro,magutumaro,1,1.68350168350168e-05
nyangere,kagera,1,1.68350168350168e-05
nyanzaroad,tanroad,1,1.68350168350168e-05
nyeisa,jeica,1,1.68350168350168e-05
nyitamboka,mtambo,1,1.68350168350168e-05
o,"",1,1.68350168350168e-05
oakzionandbugangobcommu,kiwandachangozi,1,1.68350168350168e-05
obadia,abasia,1,1.68350168350168e-05
obc,abd,6,0.000101010101010101
oda,ola,2,3.36700336700337e-05
oikos,aixos,3,5.05050505050505e-05
oikoseafricaeuropeanunion,europeanunion,38,0.00063973063973064
oikoseafrika,africa,155,0.00260942760942761
okutuvillagecommunity,sekeivillagecommunity,1,1.68350168350168e-05
ola,oda,5,8.41750841750842e-05
oldadaivillagecommunity,olgilaivillagecommunity,3,5.05050505050505e-05
oldnyikacompany,kenyanscompany,1,1.68350168350168e-05
oldonyolengai,hongoli,4,6.73400673400673e-05
olgilaivillagecommunity,oldadaivillagecommunity,14,0.000235690235690236
olumuro,dhvmoro,8,0.000134680134680135
omarally,marafin,1,1.68350168350168e-05
omarrafael,marafin,1,1.68350168350168e-05
omaryissa,masista,2,3.36700336700337e-05
onedeskonechair,oldonyolengai,1,1.68350168350168e-05
oneun,cocen,18,0.000303030303030303
opec,cope,1,1.68350168350168e-05
orphanage,france,1,1.68350168350168e-05
otelobussinesscompany,biofuelcompany,1,1.68350168350168e-05
others,fatherw,2,3.36700336700337e-05
othod,abood,1,1.68350168350168e-05
overlandhighschool,governmentschool,1,1.68350168350168e-05
overnment,government,1,1.68350168350168e-05
ownerpingoc,ringo,1,1.68350168350168e-05
ox,o,2,3.36700336700337e-05
oxfam,oxfarm,359,0.00604377104377104
oxfamgb,oxfarmgb,12,0.000202020202020202
oxfarm,oxfam,176,0.00296296296296296
oxfarmgb,oxfamgb,1,1.68350168350168e-05
p,"",19,0.00031986531986532
pad,padi,4,6.73400673400673e-05
padep,adap,69,0.00116161616161616
padepmifugo,adpmombo,1,1.68350168350168e-05
padi,pad,1,1.68350168350168e-05
padri,padi,1,1.68350168350168e-05
padrik,padri,1,1.68350168350168e-05
padrimatayo,laramatak,1,1.68350168350168e-05
paffectmwanaindi,actionaid,1,1.68350168350168e-05
pagchurch,tagchurch,1,1.68350168350168e-05
pancrasi,pankrasi,1,1.68350168350168e-05
pangadeco,privateco,1,1.68350168350168e-05
pankrasi,pancrasi,1,1.68350168350168e-05
panone,none,1,1.68350168350168e-05
parastatal,parastatalan,7,0.000117845117845118
parastatalan,parastatal,1,1.68350168350168e-05
partage,birage,27,0.000454545454545455
paskali,makli,1,1.68350168350168e-05
pataji,arabi,6,0.000101010101010101
patrick,padrik,1,1.68350168350168e-05
patuu,latfu,3,5.05050505050505e-05
paulosange,panone,1,1.68350168350168e-05
pci,pdi,9,0.000151515151515152
pdi,padi,1,1.68350168350168e-05
peacecope,pentecost,19,0.00031986531986532
pema,sema,1,1.68350168350168e-05
pentecost,pentecostal,1,1.68350168350168e-05
pentecostachurch,pentecostalchurch,3,5.05050505050505e-05
pentecostal,pentecost,1,1.68350168350168e-05
pentecostalchurch,pentecostachurch,2,3.36700336700337e-05
pentecostalhaganasweeden,pentecostaseela,1,1.68350168350168e-05
pentecostaseela,pentecostal,1,1.68350168350168e-05
pentekoste,pentecost,1,1.68350168350168e-05
peoplefromegypt,peoplefromjapan,1,1.68350168350168e-05
peoplefromjapan,peopleofjapan,2,3.36700336700337e-05
peopleofjapan,peoplefromjapan,9,0.000151515151515152
peopleofsweden,peopleofjapan,1,1.68350168350168e-05
perusibhoke,kerebuka,1,1.68350168350168e-05
peter,peters,2,3.36700336700337e-05
petermayiro,mayiro,1,1.68350168350168e-05
peterngereka,petertesha,1,1.68350168350168e-05
peters,peter,32,0.000538720538720539
petertesha,peters,30,0.000505050505050505
petropatrice,patrick,1,1.68350168350168e-05
pidp,kidp,18,0.000303030303030303
piscop,piscope,1,1.68350168350168e-05
piscope,piscop,1,1.68350168350168e-05
piusi,missi,1,1.68350168350168e-05
piusmsekwa,hesswa,1,1.68350168350168e-05
plan,mhan,1,1.68350168350168e-05
planint,panone,195,0.00328282828282828
planinternatio,planinternational,26,0.000437710437710438
planinternational,planinternatio,57,0.00095959595959596
plantanzania,caltastanzania,1,1.68350168350168e-05
pmo,dmo,16,0.000269360269360269
po,co,30,0.000505050505050505
polandsecschool,longidosecschool,1,1.68350168350168e-05
porilaakibakigosi,serikaliyakijiji,1,1.68350168350168e-05
pr,br,3,5.05050505050505e-05
presadom,area,3,5.05050505050505e-05
prf,pr,12,0.000202020202020202
primozunda,iloundp,1,1.68350168350168e-05
princemediumschool,eastmerumediumschool,1,1.68350168350168e-05
priva,private,5,8.41750841750842e-05
private,priva,295,0.00496632996632997
privateco,private,1,1.68350168350168e-05
privateindividual,privateindividul,826,0.0139057239057239
privateindividul,privateindividual,1,1.68350168350168e-05
privateinstitutions,institution,1,1.68350168350168e-05
privateowned,private,14,0.000235690235690236
privateperson,privateco,1,1.68350168350168e-05
prodap,redap,1,1.68350168350168e-05
professorbenohiouniversity,arabcommunity,8,0.000134680134680135
profsaluati,resolute,1,1.68350168350168e-05
pwagu,dwarf,1,1.68350168350168e-05
pwc,vwc,1,1.68350168350168e-05
qsemltd,snvltd,2,3.36700336700337e-05
quick,quik,6,0.000101010101010101
quicklw,quick,1,1.68350168350168e-05
quickwi,quickwin,4,6.73400673400673e-05
quickwin,quickwi,1,1.68350168350168e-05
quickwings,quickwins,16,0.000269360269360269
quickwinhalmashauri,granahalmashauri,1,1.68350168350168e-05
quickwinproject,quickwinsscheme,3,5.05050505050505e-05
quickwinprojectcouncil,quickwinproject,3,5.05050505050505e-05
quickwins,quickwin,16,0.000269360269360269
quickwinsscheme,quickwings,1,1.68350168350168e-05
quik,quick,3,5.05050505050505e-05
quwkwin,quickwin,26,0.000437710437710438
qwckwin,qwekwin,1,1.68350168350168e-05
qwekwin,qwckwin,1,1.68350168350168e-05
qwickwin,quickwin,13,0.000218855218855219
qwiqwi,kwikwiz,13,0.000218855218855219
r,"",1,1.68350168350168e-05
rada,adap,13,0.000218855218855219
rafaelmichael,safaricamp,1,1.68350168350168e-05
rafik,af,2,3.36700336700337e-05
railway,alia,2,3.36700336700337e-05
rajabseleman,matataselemani,1,1.68350168350168e-05
rajabuathumani,rajabseleman,1,1.68350168350168e-05
ramadhanimmvugalo,ramadhaninyambizi,1,1.68350168350168e-05
ramadhaninyambizi,ramadhanimmvugalo,1,1.68350168350168e-05
ramsar,aar,1,1.68350168350168e-05
raramataki,ilaramataki,1,1.68350168350168e-05
rarymondekura,makonder,1,1.68350168350168e-05
ras,aar,1,1.68350168350168e-05
rashid,hashi,1,1.68350168350168e-05
rashidmahongwe,rashidsengombe,1,1.68350168350168e-05
rashidsengombe,rashidmahongwe,1,1.68350168350168e-05
raurensia,bahresa,1,1.68350168350168e-05
rc,c,230,0.00387205387205387
rccathoric,cathoric,4,6.73400673400673e-05
rcch,ccp,80,0.00134680134680135
rcchurc,rcchurch,25,0.000420875420875421
rcchurch,rcchurc,321,0.0054040404040404
rcchurchcefa,rcchurchcentr,22,0.00037037037037037
rcchurchcentr,rcchurchcefa,14,0.000235690235690236
rcdwe,dwe,1,1.68350168350168e-05
rcmi,cgi,1,1.68350168350168e-05
rcmissi,missi,1,1.68350168350168e-05
rcmission,mission,9,0.000151515151515152
rcmissionary,missionary,1,1.68350168350168e-05
rcmofu,cocu,1,1.68350168350168e-05
rcmsufi,msudi,1,1.68350168350168e-05
rcnjoro,acord,1,1.68350168350168e-05
rdc,fdc,16,0.000269360269360269
rdws,bhws,1,1.68350168350168e-05
re,de,6,0.000101010101010101
redap,redep,2,3.36700336700337e-05
redcross,rocciross,47,0.000791245791245791
redekopdigloria,dedkilo,1,1.68350168350168e-05
redep,redap,44,0.000740740740740741
redeso,redep,2,3.36700336700337e-05
redet,redep,1,1.68350168350168e-05
reginagroup,ngelepogroup,1,1.68350168350168e-05
regionalwaterengineerarusha,livingwaterinternational,9,0.000151515151515152
regwacompanyofegpty,regwacompanyofegypt,2,3.36700336700337e-05
regwacompanyofegypt,regwacompanyofegpty,5,8.41750841750842e-05
resolute,rotte,2,3.36700336700337e-05
resolutegoldenprideproject,resolutemininggoldenpride,1,1.68350168350168e-05
resolutemining,resolute,15,0.000252525252525253
resolutemininggoldenpride,resolutemining,1,1.68350168350168e-05
revocatusmahatane,ruvudarajani,1,1.68350168350168e-05
rhobi,arabi,1,1.68350168350168e-05
rhobiwambura,motibawambura,1,1.68350168350168e-05
richardmkyore,tlcsamora,1,1.68350168350168e-05
ridep,kidep,47,0.000791245791245791
rilayowaterproject,kindorokowaterproject,1,1.68350168350168e-05
ringo,kinga,1,1.68350168350168e-05
ripati,diwani,1,1.68350168350168e-05
rips,lips,12,0.000202020202020202
rished,rashid,24,0.000404040404040404
ro,co,3,5.05050505050505e-05
robertkampala,robertloyal,1,1.68350168350168e-05
robertloyal,robertmosi,6,0.000101010101010101
robertmosi,robertloyal,1,1.68350168350168e-05
rocciross,redcross,2,3.36700336700337e-05
rodri,rudri,1,1.68350168350168e-05
romamcatholic,romancatholic,1,1.68350168350168e-05
roman,romanca,275,0.00462962962962963
romanca,roman,4,6.73400673400673e-05
romancatholic,romamcatholic,121,0.00203703703703704
romancatholicrulengediocese,romancathorickilomeni,14,0.000235690235690236
romancathoric,romancatholic,2,3.36700336700337e-05
romancathoricchurch,romancathoric,1,1.68350168350168e-05
romancathorickilomeni,romancathoricsame,8,0.000134680134680135
romancathoricsame,romancathoric,39,0.000656565656565657
romanchurch,morovianchurch,14,0.000235690235690236
rombodalta,abdala,2,3.36700336700337e-05
rotary,rotaryi,1,1.68350168350168e-05
rotaryclub,lotaryclub,19,0.00031986531986532
rotaryclubaustralia,rotaryclub,1,1.68350168350168e-05
rotaryclubkitchener,rotaryclub,1,1.68350168350168e-05
rotaryclubofchicoandmoshi,rotaryclubofusaandmoshi,1,1.68350168350168e-05
rotaryclubofusaandmoshi,rotaryclubofchicoandmoshi,1,1.68350168350168e-05
rotaryi,rotary,3,5.05050505050505e-05
rotatyclub,rotaryclub,1,1.68350168350168e-05
roteryc,rotary,1,1.68350168350168e-05
rotte,ruthe,3,5.05050505050505e-05
rssp,rwsp,3,5.05050505050505e-05
ru,eu,105,0.00176767676767677
ruangwalga,mungaya,1,1.68350168350168e-05
rudep,redep,312,0.00525252525252525
rudepdwe,rudep,1,1.68350168350168e-05
rudepnorad,dwenorad,1,1.68350168350168e-05
rudri,rodri,1,1.68350168350168e-05
rumaki,semaki,1,1.68350168350168e-05
runda,rada,1,1.68350168350168e-05
runduman,runda,13,0.000218855218855219
ruped,rudep,2,3.36700336700337e-05
rural,acra,1,1.68350168350168e-05
ruraldrinkingwatersupply,ruralwatersupply,4,6.73400673400673e-05
ruralwaterdepartment,waterdepartment,2,3.36700336700337e-05
ruralwatersupply,holiliwatersupply,3,5.05050505050505e-05
ruralwatersupplyandsanita,ruralwatersupplyandsanitat,13,0.000218855218855219
ruralwatersupplyandsanitat,ruralwatersupplyandsanita,270,0.00454545454545455
rusumogamereserve,busogatrust,1,1.68350168350168e-05
ruthe,luthe,16,0.000269360269360269
ruvudarajani,raramataki,1,1.68350168350168e-05
rv,dv,1,1.68350168350168e-05
rvemp,lvemp,3,5.05050505050505e-05
rwi,lwi,1,1.68350168350168e-05
rwsp,dwsp,16,0.000269360269360269
rwsso,rwssp,1,1.68350168350168e-05
rwssp,drwssp,1374,0.0231313131313131
rwsspshinyanga,isnashiaand,2,3.36700336700337e-05
rwsspwsdp,rwsssp,6,0.000101010101010101
rwsssp,rwssp,7,0.000117845117845118
s,"",2,3.36700336700337e-05
sabemo,sabodo,59,0.000993265993265993
sabodo,sobodo,23,0.000387205387205387
sadaqatunjar,laramatak,1,1.68350168350168e-05
safaricamp,africa,1,1.68350168350168e-05
safariroya,safaricamp,5,8.41750841750842e-05
sagaswe,stgasper,1,1.68350168350168e-05
saidhashim,hashi,1,1.68350168350168e-05
saidihalfani,saidhashim,1,1.68350168350168e-05
saidomari,mzeeomari,1,1.68350168350168e-05
saidsalumally,saidihalfani,1,1.68350168350168e-05
sakwidi,samweli,1,1.68350168350168e-05
salamukita,camavita,1,1.68350168350168e-05
salehe,balyehe,1,1.68350168350168e-05
salehzaharani,caltazkahama,4,6.73400673400673e-05
salimahmedsalim,halimashauli,1,1.68350168350168e-05
salumtambalizeni,caltastanzania,1,1.68350168350168e-05
samlo,ballo,1,1.68350168350168e-05
samsoni,samlo,1,1.68350168350168e-05
samwel,samweli,1,1.68350168350168e-05
samweli,samwel,1,1.68350168350168e-05
samwelikitana,samweli,1,1.68350168350168e-05
samwelimshosha,samwelikitana,1,1.68350168350168e-05
sangeadistrictcouncil,songeadistrictcouncil,7,0.000117845117845118
sanjewa,sunjana,6,0.000101010101010101
sanpellegrino,kapelo,1,1.68350168350168e-05
saoh,bao,14,0.000235690235690236
saudia,adra,1,1.68350168350168e-05
sauwasa,auwasa,7,0.000117845117845118
savetherainusa,netherlands,28,0.000471380471380471
sawaka,dawasa,2,3.36700336700337e-05
scharnhorstgymnasium,cartastanzania,1,1.68350168350168e-05
scholasticapankrasi,pankrasi,1,1.68350168350168e-05
schoo,school,3,5.05050505050505e-05
school,schoo,7,0.000117845117845118
schooladm9nstrarion,fredkedconservation,2,3.36700336700337e-05
scott,acord,2,3.36700336700337e-05
sda,oda,16,0.000269360269360269
sdachurch,agtchurch,1,1.68350168350168e-05
sdg,cdg,17,0.000286195286195286
sdp,adp,1,1.68350168350168e-05
secondary,sekondari,12,0.000202020202020202
secondaryschoo,secondary,6,0.000101010101010101
segeraestate,mweliaestate,1,1.68350168350168e-05
seifndago,secondary,1,1.68350168350168e-05
sekeivillagecommunity,ngiresivillagecommunity,20,0.000336700336700337
sekondari,secondary,1,1.68350168350168e-05
selemanmasoud,selemanrashid,1,1.68350168350168e-05
selemanrashid,selemanmasoud,1,1.68350168350168e-05
selemanseif,selemanrashid,1,1.68350168350168e-05
selestinemganga,justinemarwa,1,1.68350168350168e-05
selikaliyakijiji,serikaliyakijiji,1,1.68350168350168e-05
selousg,caltus,3,5.05050505050505e-05
sema,pema,50,0.000841750841750842
semaki,semakik,1,1.68350168350168e-05
semakik,semaki,6,0.000101010101010101
semas,sema,1,1.68350168350168e-05
senapa,kinapa,2,3.36700336700337e-05
sengeremadistrictcouncil,sangeadistrictcouncil,8,0.000134680134680135
senttho,denat,1,1.68350168350168e-05
seram,sema,1,1.68350168350168e-05
serena,area,3,5.05050505050505e-05
serian,seram,1,1.68350168350168e-05
serikali,serikari,41,0.00069023569023569
serikaliyakijiji,selikaliyakijiji,9,0.000151515151515152
serikari,serikali,3,5.05050505050505e-05
serikaru,serikari,1,1.68350168350168e-05
seronera,serena,1,1.68350168350168e-05
shabanidunia,abasia,1,1.68350168350168e-05
shamtesaid,wateraid,1,1.68350168350168e-05
shanta,chacha,3,5.05050505050505e-05
sharifaathuman,rajabuathumani,1,1.68350168350168e-05
shawasa,dawasa,45,0.000757575757575758
shearmuslim,muslims,2,3.36700336700337e-05
shekhe,nethe,1,1.68350168350168e-05
shelishelicommission,herimission,1,1.68350168350168e-05
shinyangashallowwells,halmashauriwil,1,1.68350168350168e-05
shipo,sido,241,0.00405723905723906
shirikalakinamamanawatot,uhaiwamamanamtoto,1,1.68350168350168e-05
shule,chuo,15,0.000252525252525253
shuleyamsingi,shuleyamsingiufala,1,1.68350168350168e-05
shuleyamsingiufala,shuleyamsingi,1,1.68350168350168e-05
shuleyasekondariipuli,shuleyamsingiufala,1,1.68350168350168e-05
si,ai,34,0.000572390572390572
sida,cida,28,0.000471380471380471
sido,sida,1,1.68350168350168e-05
sijm,iom,10,0.000168350168350168
silindayetu,sindidayetu,1,1.68350168350168e-05
silvestershilingi,ilkerivillage,1,1.68350168350168e-05
simangokihengu,singasinga,1,1.68350168350168e-05
simav,simavi,1,1.68350168350168e-05
simavi,simav,3,5.05050505050505e-05
simbalodge,ecolodge,1,1.68350168350168e-05
simmors,simone,4,6.73400673400673e-05
simone,dimon,1,1.68350168350168e-05
simonlusambi,mnyambe,1,1.68350168350168e-05
sindidayetu,singidayetu,1,1.68350168350168e-05
singasinga,singsinga,2,3.36700336700337e-05
singidayetu,sindidayetu,21,0.000353535353535354
singsinga,singasinga,1,1.68350168350168e-05
sipdo,sido,1,1.68350168350168e-05
sisa,lisa,1,1.68350168350168e-05
sisaleststehale,parastatal,1,1.68350168350168e-05
sissmminghetti,isingiroho,1,1.68350168350168e-05
sisterfrancis,siterfransis,2,3.36700336700337e-05
sistermakulata,fpctmulala,1,1.68350168350168e-05
siterfransis,sisterfrancis,1,1.68350168350168e-05
sizamayengo,karadeango,1,1.68350168350168e-05
skumar,juma,1,1.68350168350168e-05
snv,dgv,122,0.00205387205387205
snvltd,qsemltd,10,0.000168350168350168
snvswash,swash,2,3.36700336700337e-05
sobodo,sabodo,1,1.68350168350168e-05
socie,cip,2,3.36700336700337e-05
soda,oda,40,0.000673400673400673
sokolamagomeni,samsoni,1,1.68350168350168e-05
solarvilla,maxavella,2,3.36700336700337e-05
solidame,solidarm,48,0.000808080808080808
solidarm,soliderm,53,0.000892255892255892
soliderm,solidarm,3,5.05050505050505e-05
songahospi,songas,1,1.68350168350168e-05
songas,kinga,27,0.000454545454545455
songeadistrictcouncil,sangeadistrictcouncil,38,0.00063973063973064
songeamunicipalcounci,kigomamunicipalcouncil,35,0.000589225589225589
sophiawazir,chaiwazir,1,1.68350168350168e-05
sowasa,lowasa,19,0.00031986531986532
spcpreprimaryschool,upendoprimaryschool,1,1.68350168350168e-05
ssmohamed,mamad,1,1.68350168350168e-05
sswp,asdp,3,5.05050505050505e-05
st,gt,54,0.000909090909090909
stabex,tabea,1,1.68350168350168e-05
stafordhigima,safaricamp,1,1.68350168350168e-05
stansilaus,stantons,1,1.68350168350168e-05
stantons,panone,3,5.05050505050505e-05
stelizabethmajengo,sizamayengo,1,1.68350168350168e-05
stephano,serian,1,1.68350168350168e-05
stephanopaulo,stephano,1,1.68350168350168e-05
stevennyangarika,laketanganyika,1,1.68350168350168e-05
stgasper,sagaswe,1,1.68350168350168e-05
stmagrethchurch,nazarethchurch,1,1.68350168350168e-05
stph,saoh,5,8.41750841750842e-05
stpsustainabletan,parastatalan,1,1.68350168350168e-05
sua,sda,2,3.36700336700337e-05
suasa,suwasa,1,1.68350168350168e-05
subvillage,village,1,1.68350168350168e-05
sukijang,sunjana,1,1.68350168350168e-05
sumbawangamunici,mbwanaomari,17,0.000286195286195286
summitforwater,finiwater,7,0.000117845117845118
sumo,dmo,1,1.68350168350168e-05
sumriy,rudri,1,1.68350168350168e-05
sunamco,samlo,1,1.68350168350168e-05
sunjana,mungaya,1,1.68350168350168e-05
suwasa,auwasa,10,0.000168350168350168
svn,vn,2,3.36700336700337e-05
sw,dw,3,5.05050505050505e-05
swaleherajab,salehe,1,1.68350168350168e-05
swash,iwash,2,3.36700336700337e-05
sweden,sweeden,4,6.73400673400673e-05
swedish,swidish,131,0.00220538720538721
sweeden,sweden,1,1.68350168350168e-05
swidish,swedish,2,3.36700336700337e-05
swifti,mstiiti,1,1.68350168350168e-05
swislandmountmeruflowers,finlandgovernment,23,0.000387205387205387
swissif,swisstr,30,0.000505050505050505
swisstr,swissif,1,1.68350168350168e-05
t,"",4,6.73400673400673e-05
ta,ea,51,0.000858585858585859
taasaf,tasaf,1,1.68350168350168e-05
tabea,tahea,1,1.68350168350168e-05
taboma,mboma,1,1.68350168350168e-05
taboramunicipalcouncil,kigomamunicipalcouncil,49,0.000824915824915825
tabraki,arabi,5,8.41750841750842e-05
tacare,tacri,25,0.000420875420875421
tacri,acra,1,1.68350168350168e-05
tadeo,tado,1,1.68350168350168e-05
tadepa,padep,2,3.36700336700337e-05
tado,iado,16,0.000269360269360269
taees,taes,1,1.68350168350168e-05
taes,taees,1,1.68350168350168e-05
tag,ta,10,0.000168350168350168
tagchurch,pagchurch,4,6.73400673400673e-05
tagchurchub,tagchurch,1,1.68350168350168e-05
tagpatmos,taipo,2,3.36700336700337e-05
tahea,tabea,16,0.000269360269360269
taipo,shipo,1,1.68350168350168e-05
tajirijumbelila,africanrelie,1,1.68350168350168e-05
tanap,tanapa,5,8.41750841750842e-05
tanapa,tanap,51,0.000858585858585859
tancan,tanap,1,1.68350168350168e-05
tancro,tacri,1,1.68350168350168e-05
tanedapssociety,islamicsociety,1,1.68350168350168e-05
tanesco,unesco,4,6.73400673400673e-05
tangacement,pangadeco,1,1.68350168350168e-05
tanload,tanroad,1,1.68350168350168e-05
tanroad,tanload,3,5.05050505050505e-05
tansi,hans,1,1.68350168350168e-05
tanza,mwanza,88,0.00148148148148148
tanzakesho,tanesco,24,0.000404040404040404
tanzaling,tanzania,1,1.68350168350168e-05
tanzania,tanapa,18,0.000303030303030303
tanzaniacompasion,tanzaniaegypt,1,1.68350168350168e-05
tanzaniaegypt,tanzania,1,1.68350168350168e-05
tanzaniaegypttechnicalcoop,tanzegypttechnicalcoop,1,1.68350168350168e-05
tanzaniajourney,tanzania,1,1.68350168350168e-05
tanzegypttechnicalcoop,tanzegypttechnicalcooper,1,1.68350168350168e-05
tanzegypttechnicalcooper,tanzegypttechnicalcoop,3,5.05050505050505e-05
tarangirepark,irangover,1,1.68350168350168e-05
tardo,tado,123,0.00207070707070707
tareto,ereto,1,1.68350168350168e-05
tasa,tasad,1,1.68350168350168e-05
tasad,tasa,1,1.68350168350168e-05
tasae,tasa,1,1.68350168350168e-05
tasaf,taasaf,877,0.0147643097643098
tasaf1,tasaf,1,1.68350168350168e-05
tasafandlga,tasafandmmem,2,3.36700336700337e-05
tasafandmmem,tasafandlga,1,1.68350168350168e-05
tasafdmdd,tasad,17,0.000286195286195286
tasafii,tassafii,1,1.68350168350168e-05
tasaftlc,tasaf,1,1.68350168350168e-05
tasafu,tasaf,10,0.000168350168350168
tasef,tasaf,2,3.36700336700337e-05
tasf,tasa,1,1.68350168350168e-05
tassaf,taasaf,116,0.00195286195286195
tassafdanida,tasafandlga,6,0.000101010101010101
tassafi,tassaf,13,0.000218855218855219
tassafii,tasafii,9,0.000151515151515152
tbl,abd,1,1.68350168350168e-05
tcrs,crs,602,0.0101346801346801
tcrscare,africare,5,8.41750841750842e-05
tcrsgovernment,ciprogovernment,4,6.73400673400673e-05
tcrskibondo,sabodo,1,1.68350168350168e-05
tcrst,tcrs,1,1.68350168350168e-05
tcrstlc,tcrst,5,8.41750841750842e-05
tcrsvillagecommunity,villagecommunity,1,1.68350168350168e-05
tdft,cdft,41,0.00069023569023569
tdrs,tcrs,1,1.68350168350168e-05
teamrafiki,tabraki,1,1.68350168350168e-05
tempo,taipo,2,3.36700336700337e-05
tendegreehotel,judgemchome,2,3.36700336700337e-05
teonaswambura,rhobiwambura,1,1.68350168350168e-05
teresamunyama,theonasmnyama,1,1.68350168350168e-05
tgrs,tcrs,1,1.68350168350168e-05
tgt,gt,1,1.68350168350168e-05
tgts,tgrs,4,6.73400673400673e-05
tgz,tgt,1,1.68350168350168e-05
thedeskandchairfoundat,deskandchairfoundation,31,0.000521885521885522
theisla,hesswa,13,0.000218855218855219
theislamic,islamic,2,3.36700336700337e-05
theo,chuo,1,1.68350168350168e-05
theonasmnyama,teresamunyama,1,1.68350168350168e-05
thepeopleofjapan,peopleofjapan,18,0.000303030303030303
thomasibusigaye,hapasingida,1,1.68350168350168e-05
timothyshindika,mzeeshindika,1,1.68350168350168e-05
tinaafricare,africare,1,1.68350168350168e-05
tingatingasecschool,longidosecschool,1,1.68350168350168e-05
tirdo,tardo,3,5.05050505050505e-05
tkc,kc,1,1.68350168350168e-05
tlc,lc,54,0.000909090909090909
tlccommunity,community,1,1.68350168350168e-05
tlcemmanuelkasoga,selemanmasoud,1,1.68350168350168e-05
tlcjenusmalecha,tlcjohnmajala,1,1.68350168350168e-05
tlcjohnmajala,chamavita,2,3.36700336700337e-05
tlcnyengesamasanja,tlcjenusmalecha,1,1.68350168350168e-05
tlcsamora,tlcsorri,1,1.68350168350168e-05
tlcselemanmangombe,selemanmasoud,1,1.68350168350168e-05
tlcsorri,tacri,1,1.68350168350168e-05
tlcthimotheomasunga,tlcemmanuelkasoga,1,1.68350168350168e-05
tltc,tlc,8,0.000134680134680135
tom,dom,2,3.36700336700337e-05
torontoestate,mweliaestate,1,1.68350168350168e-05
totalandcare,totallandcare,1,1.68350168350168e-05
totallandcare,totalandcare,31,0.000521885521885522
totoland,holand,2,3.36700336700337e-05
totolandcare,totalandcare,4,6.73400673400673e-05
tove,cope,1,1.68350168350168e-05
towncouncil,council,1,1.68350168350168e-05
tpp,adp,3,5.05050505050505e-05
tquickwings,quickwings,1,1.68350168350168e-05
trach,rcch,1,1.68350168350168e-05
trachoma,taboma,5,8.41750841750842e-05
trc,irc,1,1.68350168350168e-05
tredep,redep,40,0.000673400673400673
tredsp,tredep,1,1.68350168350168e-05
treedap,redap,1,1.68350168350168e-05
treewaysgerman,acogermany,1,1.68350168350168e-05
tridep,ridep,12,0.000202020202020202
tulawakagoldmine,bulyahunlugoldmine,5,8.41750841750842e-05
tumainifund,jimbofund,5,8.41750841750842e-05
tuwasa,auwasa,32,0.000538720538720539
twe,dwe,97,0.00163299663299663
twendepamoja,tadepa,1,1.68350168350168e-05
twesa,taes,56,0.000942760942760943
twice,twe,1,1.68350168350168e-05
twig,kwik,1,1.68350168350168e-05
tzas,baas,1,1.68350168350168e-05
tzjapan,japan,43,0.000723905723905724
uaacc,aar,1,1.68350168350168e-05
ubaloziwajapani,ubaloziwamarekani,1,1.68350168350168e-05
ubaloziwamarekani,dweubaloziwamarekani,18,0.000303030303030303
udcsema,sema,3,5.05050505050505e-05
uhaiwamamanamtoto,harunampog,5,8.41750841750842e-05
uhoranzi,mhoranzi,3,5.05050505050505e-05
ukida,cida,3,5.05050505050505e-05
ukiligu,kilimo,17,0.000286195286195286
umoja,dmo,1,1.68350168350168e-05
un,in,40,0.000673400673400673
undp,adp,86,0.00144781144781145
undpaict,unpaict,13,0.000218855218855219
undpilo,dedkilo,28,0.000471380471380471
unesco,tanesco,3,5.05050505050505e-05
unhabitat,unpaict,1,1.68350168350168e-05
unhcr,unice,137,0.00230639730639731
unhcrdanida,danida,1,1.68350168350168e-05
unhcrgovernment,tcrsgovernment,1,1.68350168350168e-05
unice,unicef,119,0.002003367003367
unicecspd,unicefcspd,1,1.68350168350168e-05
unicef,unice,1057,0.0177946127946128
unicefafricanmuslimagency,africanmuslimagency,1,1.68350168350168e-05
unicefcentral,unicefcsp,11,0.000185185185185185
unicefcsp,unicefcspd,7,0.000117845117845118
unicefcspd,unicecspd,2,3.36700336700337e-05
uniceg,unice,1,1.68350168350168e-05
unicet,unice,1,1.68350168350168e-05
unicrf,unicef,1,1.68350168350168e-05
uniseg,uniceg,1,1.68350168350168e-05
unknown,notknown,4,6.73400673400673e-05
unpaict,undpaict,1,1.68350168350168e-05
unwfp,undp,2,3.36700336700337e-05
upendoprimaryschool,spcpreprimaryschool,1,1.68350168350168e-05
upperruvu,cper,1,1.68350168350168e-05
ur,br,1,1.68350168350168e-05
urt,ur,36,0.000606060606060606
usa,asb,6,0.000101010101010101
usaembassy,usembassy,3,5.05050505050505e-05
usaid,usa,3,5.05050505050505e-05
usaidwfp,usaid,5,8.41750841750842e-05
usambalasister,ireveasister,1,1.68350168350168e-05
usembassy,usaembassy,15,0.000252525252525253
ustawi,esawa,3,5.05050505050505e-05
uvimaki,rumaki,2,3.36700336700337e-05
uyoge,biore,3,5.05050505050505e-05
vc,c,1,1.68350168350168e-05
veo,bao,1,1.68350168350168e-05
vgovernment,government,1,1.68350168350168e-05
vi,ai,3,5.05050505050505e-05
vicfish,vickfis,2,3.36700336700337e-05
vicfishltd,vicfish,2,3.36700336700337e-05
vickfis,vicfish,3,5.05050505050505e-05
vifaf,vifafi,2,3.36700336700337e-05
vifafi,vifaf,21,0.000353535353535354
vififi,vifafi,2,3.36700336700337e-05
villa,bilila,6,0.000101010101010101
villaers,villagers,2,3.36700336700337e-05
village,villages,25,0.000420875420875421
villagecommuni,villagecommunity,1,1.68350168350168e-05
villagecommunity,villagecommuni,22,0.00037037037037037
villagecontributio,villlagecontributi,1,1.68350168350168e-05
villagecouncil,villegecouncil,105,0.00176767676767677
villagecouncilhaydomluther,villagecouncil,13,0.000218855218855219
villagecouncilrosekawala,villagecouncil,1,1.68350168350168e-05
villagefund,village,2,3.36700336700337e-05
villagegovernment,finlandgovernment,27,0.000454545454545455
villagegovt,village,7,0.000117845117845118
villageoffice,villagefund,2,3.36700336700337e-05
villageres,villagers,1,1.68350168350168e-05
villagers,villaers,106,0.00178451178451178
villagersmpi,villagers,1,1.68350168350168e-05
villages,village,1,1.68350168350168e-05
villagewatercommission,villagecommuni,1,1.68350168350168e-05
villegecouncil,villagecouncil,1,1.68350168350168e-05
villegers,villagers,1,1.68350168350168e-05
villlagecontributi,villagecontributio,1,1.68350168350168e-05
vn,in,1,1.68350168350168e-05
vodacom,dacp,3,5.05050505050505e-05
vttp,tpp,6,0.000101010101010101
vw,dw,1,1.68350168350168e-05
vwc,pwc,78,0.00131313131313131
vwcvc,vwcvwc,1,1.68350168350168e-05
vwcvwc,vwcvc,1,1.68350168350168e-05
vwt,dwt,1,1.68350168350168e-05
w,"",36,0.000606060606060606
wafidhiwaziwat,ahmadia,1,1.68350168350168e-05
waheke,kahema,1,1.68350168350168e-05
wahidi,dadid,1,1.68350168350168e-05
waitaliano,italian,1,1.68350168350168e-05
wajerumani,wamarekani,2,3.36700336700337e-05
walokole,malola,5,8.41750841750842e-05
wama,ham,3,5.05050505050505e-05
wamakapuchini,makapuchini,1,1.68350168350168e-05
wamarekani,wajerumani,1,1.68350168350168e-05
wamembiki,mahemba,1,1.68350168350168e-05
wamisionariwakikatoriki,wamissionariwakikatoriki,1,1.68350168350168e-05
wamissionariwakikatoriki,wamisionariwakikatoriki,1,1.68350168350168e-05
wanakijiji,kijiji,1,1.68350168350168e-05
wanan,japan,5,8.41750841750842e-05
wananchi,wanan,122,0.00205387205387205
wanginyiwater,finiwater,1,1.68350168350168e-05
wards,dads,1,1.68350168350168e-05
warento,tareto,1,1.68350168350168e-05
wateaidsema,wateraidsema,6,0.000101010101010101
water,eater,583,0.00981481481481481
wateraid,water,333,0.00560606060606061
wateraiddwe,wateraid,1,1.68350168350168e-05
wateraidsema,wateaidsema,96,0.00161616161616162
waterauthority,wateraid,1,1.68350168350168e-05
waterboard,wateraid,19,0.00031986531986532
waterdepartment,ruralwaterdepartment,1,1.68350168350168e-05
waterprojectmbawalachini,paffectmwanaindi,13,0.000218855218855219
waterse,water,1,1.68350168350168e-05
watersectordevelopment,waterdepartment,3,5.05050505050505e-05
watersema,waterse,1,1.68350168350168e-05
wateruseras,watersema,34,0.000572390572390572
waterusergroup,wateruseras,9,0.000151515151515152
watuwamarekani,wamarekani,1,1.68350168350168e-05
watuwaujerumani,wajerumani,35,0.000589225589225589
wb,w,170,0.00286195286195286
wbdistrictcouncil,districtcouncil,2,3.36700336700337e-05
wbk,wb,1,1.68350168350168e-05
wcs,ics,5,8.41750841750842e-05
wcst,wcs,1,1.68350168350168e-05
wd,d,6,0.000101010101010101
wdandid,dadid,23,0.000387205387205387
wdi,pdi,12,0.000202020202020202
wdp,adp,1,1.68350168350168e-05
wdsp,dsp,1,1.68350168350168e-05
weepers,peters,1,1.68350168350168e-05
wfdp,afdp,1,1.68350168350168e-05
wfp,wdp,52,0.000875420875420875
wfptnt,fpct,11,0.000185185185185185
wfptntusaid,wfpusaid,14,0.000235690235690236
wfpusaid,usaid,3,5.05050505050505e-05
wfpusaidtnt,wfpusaid,6,0.000101010101010101
williamacleus,villaers,1,1.68350168350168e-05
williamsondiamondltd,williamacleus,9,0.000151515151515152
wilson,dimon,1,1.68350168350168e-05
winkyens,concen,1,1.68350168350168e-05
wirarayamaji,idarayamaji,1,1.68350168350168e-05
wizara,kinapa,4,6.73400673400673e-05
womenfopartnership,womenforpartnership,1,1.68350168350168e-05
womenforpartnership,womenfopartnership,9,0.000151515151515152
worldbank,bank,1349,0.0227104377104377
worldbankgovernment,belgiangovernment,1,1.68350168350168e-05
worldvision,worldvisionadra,1247,0.020993265993266
worldvisionadra,worldvision,29,0.000488215488215488
worldvisionkkkt,worldvision,6,0.000101010101010101
worldvisionrcchurch,worldvisionadra,1,1.68350168350168e-05
woyege,college,1,1.68350168350168e-05
wrssp,rssp,5,8.41750841750842e-05
wsdo,wsdp,1,1.68350168350168e-05
wsdp,asdp,234,0.00393939393939394
wsdpsdg,wsdp,2,3.36700336700337e-05
wspd,cspd,2,3.36700336700337e-05
wssp,dwssp,3,5.05050505050505e-05
wua,sua,121,0.00203703703703704
wuaandded,wugandded,2,3.36700336700337e-05
wugandded,wuaandded,1,1.68350168350168e-05
wvc,vc,4,6.73400673400673e-05
wvt,wvc,158,0.00265993265993266
wwf,awf,26,0.000437710437710438
wwffores,bffs,1,1.68350168350168e-05
yaole,ballo,1,1.68350168350168e-05
yasinaini,yasini,1,1.68350168350168e-05
yasini,dasiip,1,1.68350168350168e-05
yasiniselemani,matataselemani,1,1.68350168350168e-05
zaben,tabea,2,3.36700336700337e-05
zaburiandneig,africanrelie,1,1.68350168350168e-05
zao,bao,1,1.68350168350168e-05
zaowaterspring,zaowaterspringx,3,5.05050505050505e-05
zaowaterspringx,zaowaterspring,1,1.68350168350168e-05
zinduka,benguka,1,1.68350168350168e-05
zingibalisecondary,kagungulisecondary,1,1.68350168350168e-05
