funder_uniq,funder_closest,funder_counts,funder_counts_pct,funder_imputed
governmentoftanzania,governmentofmisri,9084,15.29%,governmentoftanzania
,0,3635,6.12%,unknown
danida,dagida,3114,5.24%,danida
hesawa,esawa,2202,3.71%,others
rwssp,drwssp,1374,2.31%,rwssp
worldbank,bank,1349,2.27%,worldbank
kkkt,kmt,1287,2.17%,kkkt
worldvision,worldvisionadra,1247,2.10%,worldvision
unicef,unice,1057,1.78%,united_nations
tasaf,taasaf,877,1.48%,tasaf
districtcouncil,wbdistrictcouncil,843,1.42%,local_govt
dhv,dgv,829,1.40%,dhv
privateindividual,privateindividul,826,1.39%,privateindividual
dwsp,dasp,811,1.37%,dwsp
0,,777,1.31%,unknown
norad,morad,765,1.29%,norad
germanyrepubli,germany,610,1.03%,others
tcrs,crs,602,1.01%,tcrs
ministryofwater,ministryofhealthy,590,0.99%,others
water,eater,583,0.98%,others
dwe,de,484,0.81%,others
netherlands,netherland,470,0.79%,others
hifab,hiap,450,0.76%,others
adb,adf,448,0.75%,others
lga,ga,442,0.74%,others
amref,amrefe,425,0.72%,others
cesgmbh,asb,425,0.72%,others
finiwater,finnwater,393,0.66%,others
oxfam,oxfarm,359,0.60%,others
wateraid,water,333,0.56%,others
rcchurch,rcchurc,321,0.54%,church
isf,bsf,316,0.53%,others
rudep,redep,312,0.53%,others
mission,missio,301,0.51%,others
private,priva,295,0.50%,others
jaica,gaica,280,0.47%,others
roman,romanca,275,0.46%,others
ruralwatersupplyandsanitat,ruralwatersupplyandsanita,270,0.45%,others
adra,acra,263,0.44%,others
jica,jaica,259,0.44%,others
shipo,sido,241,0.41%,others
wsdp,asdp,234,0.39%,others
rc,c,230,0.39%,others
finw,dina,219,0.37%,others
dh,ch,213,0.36%,others
ded,de,198,0.33%,others
planint,panone,195,0.33%,others
kiliwater,kilwater,189,0.32%,others
dmdd,dmd,186,0.31%,others
go,co,181,0.30%,others
lawatefukawatersupply,lawatefukawatersuppl,180,0.30%,others
magadinimakiwaruwater,makanyasisalestate,179,0.30%,others
oxfarm,oxfam,176,0.30%,others
fw,dw,173,0.29%,others
wb,w,170,0.29%,others
kkktmakwale,kkktcanal,166,0.28%,kkkt
wvt,wvc,158,0.27%,others
oikoseafrika,africa,155,0.26%,others
nethalan,netherla,152,0.26%,others
mkingadistriccoun,mkingadistriccou,150,0.25%,others
lvia,alia,147,0.25%,others
concernworldwide,concerngovern,145,0.24%,others
unhcr,unice,137,0.23%,united_nations
no,co,134,0.23%,others
swedish,swidish,131,0.22%,others
african,africa,128,0.22%,others
anglicanchurch,dweanglicanchurch,126,0.21%,church
community,tlccommunity,126,0.21%,others
he,de,125,0.21%,others
is,bs,125,0.21%,others
ki,ai,124,0.21%,others
ir,br,123,0.21%,others
tardo,tado,123,0.21%,others
snv,dgv,122,0.21%,others
wananchi,wanan,122,0.21%,others
romancatholic,romamcatholic,121,0.20%,others
wua,sua,121,0.20%,others
unice,unicef,119,0.20%,united_nations
bsf,bs,117,0.20%,others
tassaf,taasaf,116,0.20%,others
co,c,111,0.19%,others
dfid,bfwd,110,0.19%,others
lamp,adp,110,0.19%,others
concern,cocern,108,0.18%,others
muwsa,muwasa,107,0.18%,others
villagers,villaers,106,0.18%,others
ru,eu,105,0.18%,others
villagecouncil,villegecouncil,105,0.18%,local_govt
halmashauriyawilayasikonge,halmashauriyawilaya,102,0.17%,others
finwater,finiwater,101,0.17%,others
germany,acogermany,101,0.17%,others
hsw,hw,101,0.17%,others
twe,dwe,97,0.16%,others
wateraidsema,wateaidsema,96,0.16%,others
idc,fdc,92,0.15%,others
tanza,mwanza,88,0.15%,others
missi,missio,87,0.15%,others
h,,86,0.14%,others
mdrdp,drdp,86,0.14%,others
undp,adp,86,0.14%,others
aict,act,85,0.14%,others
gtz,giz,84,0.14%,others
japan,hapa,82,0.14%,others
cmsr,cmcr,81,0.14%,others
rcch,ccp,80,0.13%,others
ndrdp,drdp,78,0.13%,others
vwc,pwc,78,0.13%,others
kuwait,kuwasa,72,0.12%,others
lwi,lwf,72,0.12%,others
caritas,caltas,70,0.12%,others
cdtf,adf,70,0.12%,others
kkktchurch,agtchurch,70,0.12%,kkkt
kaemp,kadip,69,0.12%,others
padep,adap,69,0.12%,others
conce,concen,68,0.11%,others
kibahatowncouncil,towncouncil,68,0.11%,local_govt
marafip,marafin,68,0.11%,others
cefa,cdft,67,0.11%,others
finidagermantanzaniagovt,cartastanzania,64,0.11%,others
ncaa,acra,63,0.11%,others
commu,cocu,62,0.10%,others
losaakiawatersupply,losakiawatersupply,62,0.10%,others
mkingadistriccou,mkingadistriccoun,62,0.10%,others
nationalrural,nationalruralwb,62,0.10%,others
md,d,61,0.10%,others
irishai,rished,59,0.10%,others
sabemo,sabodo,59,0.10%,others
planinternational,planinternatio,57,0.10%,others
twesa,taes,56,0.09%,others
gen,de,54,0.09%,others
idarayamaji,wirarayamaji,54,0.09%,others
kirde,kirdep,54,0.09%,others
st,gt,54,0.09%,others
tlc,lc,54,0.09%,others
grumeti,rumaki,53,0.09%,others
kilindidistrictco,mkingadistriccou,53,0.09%,others
solidarm,soliderm,53,0.09%,others
cocen,cocern,52,0.09%,others
wfp,wdp,52,0.09%,others
chinagovernment,ciprogovernment,51,0.09%,others
ta,ea,51,0.09%,others
tanapa,tanap,51,0.09%,others
dwenorad,norad,50,0.08%,norad
sema,pema,50,0.08%,others
taboramunicipalcouncil,kigomamunicipalcouncil,49,0.08%,local_govt
europeanunion,karadeango,48,0.08%,others
solidame,solidarm,48,0.08%,others
dwssp,drwssp,47,0.08%,dwsp
redcross,rocciross,47,0.08%,others
ridep,kidep,47,0.08%,others
acra,adra,46,0.08%,others
dads,dadis,46,0.08%,others
devonaidkorogwe,drvnaidara,46,0.08%,others
miziriol,mayiro,46,0.08%,others
shawasa,dawasa,45,0.08%,others
redep,redap,44,0.07%,others
abasia,abaska,43,0.07%,others
tzjapan,japan,43,0.07%,others
giz,gtz,42,0.07%,others
ms,bs,42,0.07%,others
cafod,abd,41,0.07%,others
donor,conce,41,0.07%,others
serikali,serikari,41,0.07%,others
tdft,cdft,41,0.07%,others
soda,oda,40,0.07%,others
tredep,redep,40,0.07%,others
un,in,40,0.07%,others
ka,ea,39,0.07%,others
romancathoricsame,romancathoric,39,0.07%,others
jbg,abd,38,0.06%,others
kuwasa,auwasa,38,0.06%,others
oikoseafricaeuropeanunion,europeanunion,38,0.06%,others
songeadistrictcouncil,sangeadistrictcouncil,38,0.06%,local_govt
dasip,dasiip,37,0.06%,others
fathe,fatherw,37,0.06%,others
kidp,kadp,36,0.06%,others
urt,ur,36,0.06%,others
w,,36,0.06%,others
africandevelopmentbank,africandevelopmentfoundation,35,0.06%,others
islamicfound,islamic,35,0.06%,others
mbiuwasa,mbiusa,35,0.06%,others
songeamunicipalcounci,kigomamunicipalcouncil,35,0.06%,local_govt
watuwaujerumani,wajerumani,35,0.06%,others
si,ai,34,0.06%,others
wateruseras,watersema,34,0.06%,others
aar,abd,33,0.06%,others
finnwater,finiwater,33,0.06%,others
holland,holand,33,0.06%,others
ics,icf,33,0.06%,others
ilo,filo,33,0.06%,others
dhvnorp,dhvmoro,32,0.05%,dhv
kiuma,juma,32,0.05%,others
peters,peter,32,0.05%,others
tuwasa,auwasa,32,0.05%,others
biore,dioce,31,0.05%,others
kanisakatolikilolovoni,kanisakatoliki,31,0.05%,others
thedeskandchairfoundat,deskandchairfoundation,31,0.05%,others
totallandcare,totalandcare,31,0.05%,others
cg,c,30,0.05%,others
churc,church,30,0.05%,church
cspd,wspd,30,0.05%,others
ga,ea,30,0.05%,others
happywatotofoundation,bingofoundation,30,0.05%,others
jika,jica,30,0.05%,others
kalta,kata,30,0.05%,others
petertesha,peters,30,0.05%,others
po,co,30,0.05%,others
swissif,swisstr,30,0.05%,others
cocern,cocen,29,0.05%,others
il,el,29,0.05%,others
kidep,kidp,29,0.05%,others
worldvisionadra,worldvision,29,0.05%,worldvision
acogermany,germany,28,0.05%,others
ereto,tareto,28,0.05%,others
savetherainusa,netherlands,28,0.05%,others
sida,cida,28,0.05%,others
undpilo,dedkilo,28,0.05%,others
dw,d,27,0.05%,others
halmashauri,halmashauli,27,0.05%,others
hwrc,cgrc,27,0.05%,others
ifad,bfwd,27,0.05%,others
iwash,swash,27,0.05%,others
kanisalamenonite,kanisalamitume,27,0.05%,others
lips,rips,27,0.05%,others
notknown,unknown,27,0.05%,others
partage,birage,27,0.05%,others
songas,kinga,27,0.05%,others
villagegovernment,finlandgovernment,27,0.05%,others
cdcg,cdg,26,0.04%,others
mileniamproject,kamataproject,26,0.04%,others
nethe,fathe,26,0.04%,others
planinternatio,planinternational,26,0.04%,others
quwkwin,quickwin,26,0.04%,others
wwf,awf,26,0.04%,others
adp,adap,25,0.04%,others
dadis,dadid,25,0.04%,others
hans,abs,25,0.04%,others
hewasa,hewawa,25,0.04%,others
kilwater,kiliwater,25,0.04%,others
rcchurc,rcchurch,25,0.04%,church
tacare,tacri,25,0.04%,others
village,villages,25,0.04%,others
bgm,ggm,24,0.04%,others
careinternational,lotaryinternational,24,0.04%,others
kalitasi,kalitesi,24,0.04%,others
missionaries,missionary,24,0.04%,others
rished,rashid,24,0.04%,others
tanzakesho,tanesco,24,0.04%,others
cefanjombe,cefa,23,0.04%,others
cmcr,cmsr,23,0.04%,others
ilct,elct,23,0.04%,others
sabodo,sobodo,23,0.04%,others
swislandmountmeruflowers,finlandgovernment,23,0.04%,others
wdandid,dadid,23,0.04%,others
bank,baas,22,0.04%,others
luthe,ruthe,22,0.04%,others
mwayamn,mwamama,22,0.04%,others
rcchurchcefa,rcchurchcentr,22,0.04%,church
villagecommunity,villagecommuni,22,0.04%,others
ciprogovernment,misrigovernment,21,0.04%,others
killflora,bilila,21,0.04%,others
noradgovernment,japangovernment,21,0.04%,norad
singidayetu,sindidayetu,21,0.04%,others
vifafi,vifaf,21,0.04%,others
dct,act,20,0.03%,others
islamic,islam,20,0.03%,others
msf,bsf,20,0.03%,others
noradkidep,noradrudep,20,0.03%,norad
sekeivillagecommunity,ngiresivillagecommunity,20,0.03%,others
dhvmoro,dhvnorp,19,0.03%,dhv
efg,af,19,0.03%,others
kadp,adp,19,0.03%,others
kuamu,bumabu,19,0.03%,others
magomaadp,mamad,19,0.03%,others
majimugumu,majumugumu,19,0.03%,others
makondewaterpopulation,makondakondewaterpopulation,19,0.03%,others
p,,19,0.03%,others
peacecope,pentecost,19,0.03%,others
rotaryclub,lotaryclub,19,0.03%,others
sowasa,lowasa,19,0.03%,others
waterboard,wateraid,19,0.03%,others
asb,adb,18,0.03%,others
cct,act,18,0.03%,others
dasp,dacp,18,0.03%,others
euacra,acra,18,0.03%,others
gain,ai,18,0.03%,others
ham,haam,18,0.03%,others
mbunge,mzung,18,0.03%,others
oneun,cocen,18,0.03%,others
pidp,kidp,18,0.03%,others
tanzania,tanapa,18,0.03%,others
thepeopleofjapan,peopleofjapan,18,0.03%,others
ubaloziwamarekani,dweubaloziwamarekani,18,0.03%,others
bahewasa,hewasa,17,0.03%,others
bened,bank,17,0.03%,others
drdpngo,kdrdpngo,17,0.03%,others
fatherbonifasi,waterboard,17,0.03%,others
idydc,idc,17,0.03%,others
mdc,fdc,17,0.03%,others
mkuyu,makuru,17,0.03%,others
msabi,arabi,17,0.03%,others
sdg,cdg,17,0.03%,others
sumbawangamunici,mbwanaomari,17,0.03%,others
tasafdmdd,tasad,17,0.03%,tasaf
ukiligu,kilimo,17,0.03%,others
bruder,rudep,16,0.03%,others
finlandgovernment,villagegovernment,16,0.03%,others
isfgovernment,government,16,0.03%,others
livin,lvia,16,0.03%,others
lwijiitaly,italy,16,0.03%,others
mi,ai,16,0.03%,others
msikiti,msiki,16,0.03%,others
pmo,dmo,16,0.03%,others
quickwings,quickwins,16,0.03%,others
quickwins,quickwin,16,0.03%,others
rdc,fdc,16,0.03%,others
ruthe,luthe,16,0.03%,others
rwsp,dwsp,16,0.03%,rwssp
sda,oda,16,0.03%,others
tado,iado,16,0.03%,others
tahea,tabea,16,0.03%,others
africanmuslimagency,unicefafricanmuslimagency,15,0.03%,others
africanrelie,afriicanreli,15,0.03%,others
daralber,arabi,15,0.03%,others
elct,elca,15,0.03%,others
finland,holand,15,0.03%,others
fpct,act,15,0.03%,others
resolutemining,resolute,15,0.03%,others
shule,chuo,15,0.03%,others
usembassy,usaembassy,15,0.03%,others
adpmombo,makombo,14,0.02%,others
dassip,dasiip,14,0.02%,others
imf,icf,14,0.02%,others
isftacare,msftacare,14,0.02%,others
isingiroho,mwigicho,14,0.02%,others
livingwaterinternational,careinternational,14,0.02%,others
mamad,mamaz,14,0.02%,others
olgilaivillagecommunity,oldadaivillagecommunity,14,0.02%,others
privateowned,private,14,0.02%,others
rcchurchcentr,rcchurchcefa,14,0.02%,church
romancatholicrulengediocese,romancathorickilomeni,14,0.02%,others
romanchurch,morovianchurch,14,0.02%,church
saoh,bao,14,0.02%,others
wfptntusaid,wfpusaid,14,0.02%,others
aic,ai,13,0.02%,others
baas,aar,13,0.02%,others
benguka,zinduka,13,0.02%,others
bulyahunlugoldmine,tulawakagoldmine,13,0.02%,others
franc,france,13,0.02%,others
halmashauriyamanispatabora,halmashauriyawilaya,13,0.02%,others
jeica,jaica,13,0.02%,others
lgcdg,lcdg,13,0.02%,others
maxavella,camavita,13,0.02%,others
mosque,mosqure,13,0.02%,others
msftacare,isftacare,13,0.02%,others
qwickwin,quickwin,13,0.02%,others
qwiqwi,kwikwiz,13,0.02%,others
rada,adap,13,0.02%,others
runduman,runda,13,0.02%,others
ruralwatersupplyandsanita,ruralwatersupplyandsanitat,13,0.02%,others
tassafi,tassaf,13,0.02%,others
theisla,hesswa,13,0.02%,others
undpaict,unpaict,13,0.02%,others
villagecouncilhaydomluther,villagecouncil,13,0.02%,local_govt
waterprojectmbawalachini,paffectmwanaindi,13,0.02%,others
af,adf,12,0.02%,others
ai,af,12,0.02%,others
canada,danida,12,0.02%,others
institution,insititutiona,12,0.02%,others
kinapa,kinga,12,0.02%,others
kwikwiz,kwik,12,0.02%,others
lifetime,fathe,12,0.02%,others
lowasa,sowasa,12,0.02%,others
lutheranchurch,anglicanchurch,12,0.02%,kkkt
mhan,chani,12,0.02%,others
nationalruralandhfa,nationalrural,12,0.02%,others
oxfamgb,oxfarmgb,12,0.02%,others
prf,pr,12,0.02%,others
rips,lips,12,0.02%,others
secondary,sekondari,12,0.02%,others
tridep,ridep,12,0.02%,others
wdi,pdi,12,0.02%,others
dak,dmk,11,0.02%,others
germanymisionary,germanymissionary,11,0.02%,others
governmentcommunity,governmentandcommunity,11,0.02%,others
idea,adra,11,0.02%,others
unicefcentral,unicefcsp,11,0.02%,united_nations
wfptnt,fpct,11,0.02%,others
auwasa,kuwasa,10,0.02%,others
belgiangovernment,colonialgovernment,10,0.02%,others
chamavita,camavita,10,0.02%,others
de,d,10,0.02%,others
dhvgove,dhvmoro,10,0.02%,dhv
governmenttassaf,governmentsda,10,0.02%,others
kkktdiocesyapare,kkktcanal,10,0.02%,kkkt
kmcl,cmcr,10,0.02%,others
millenium,milenia,10,0.02%,others
muslims,mkulima,10,0.02%,others
nado,iado,10,0.02%,others
sijm,iom,10,0.02%,others
snvltd,qsemltd,10,0.02%,others
suwasa,auwasa,10,0.02%,others
tag,ta,10,0.02%,others
tasafu,tasaf,10,0.02%,tasaf
actioncontrelafaim,actionaid,9,0.02%,others
aimgold,abood,9,0.02%,others
bffs,baas,9,0.02%,others
cobashec,camartec,9,0.02%,others
council,conce,9,0.02%,local_govt
deskandchairfoundation,thedeskandchairfoundat,9,0.02%,others
governmentworldbank,governmentworldvision,9,0.02%,worldbank
healt,act,9,0.02%,others
holla,holland,9,0.02%,others
hortanzia,mhoranzi,9,0.02%,others
ikelawa,esawa,9,0.02%,others
kadresngo,kdrdpngo,9,0.02%,others
kanisa,kanis,9,0.02%,others
kingupiras,kinapa,9,0.02%,others
koica,koico,9,0.02%,others
mem,mgm,9,0.02%,others
mzingaa,kinga,9,0.02%,others
pci,pdi,9,0.02%,others
peopleofjapan,peoplefromjapan,9,0.02%,others
rcmission,mission,9,0.02%,others
regionalwaterengineerarusha,livingwaterinternational,9,0.02%,others
serikaliyakijiji,selikaliyakijiji,9,0.02%,others
tassafii,tasafii,9,0.02%,tasaf
waterusergroup,wateruseras,9,0.02%,others
williamsondiamondltd,williamacleus,9,0.02%,others
womenforpartnership,womenfopartnership,9,0.02%,others
actionaid,actionina,8,0.01%,others
angrikana,african,8,0.01%,others
br,bra,8,0.01%,others
britishcolonialgovernment,colonialgovernment,8,0.01%,others
camavita,chamavita,8,0.01%,others
d,,8,0.01%,others
do,co,8,0.01%,others
duwas,auwasa,8,0.01%,others
ebaha,esawa,8,0.01%,others
france,franc,8,0.01%,others
halmashaur,halmashauri,8,0.01%,others
iec,idc,8,0.01%,others
kilomber,kilwater,8,0.01%,others
lotteryclub,lotaryclub,8,0.01%,others
mamlakayamajingara,idarayamaji,8,0.01%,others
memberofparliament,memberofperliamentahmedali,8,0.01%,others
milenia,kizenga,8,0.01%,others
moroil,maro,8,0.01%,others
morovianchurch,romanchurch,8,0.01%,church
mtuwasa,muwasa,8,0.01%,others
nk,k,8,0.01%,others
olumuro,dhvmoro,8,0.01%,others
professorbenohiouniversity,arabcommunity,8,0.01%,others
romancathorickilomeni,romancathoricsame,8,0.01%,others
sengeremadistrictcouncil,sangeadistrictcouncil,8,0.01%,local_govt
tltc,tlc,8,0.01%,others
abd,abs,7,0.01%,others
africare,africa,7,0.01%,others
baptistchurch,batistchurch,7,0.01%,church
baric,afric,7,0.01%,others
bs,abs,7,0.01%,others
ciprocaretcrs,ciprocare,7,0.01%,others
el,ea,7,0.01%,others
hapa,hpa,7,0.01%,others
jeshilawokovu,jeshilawokovucida,7,0.01%,others
kanisakatoliki,kanisalatag,7,0.01%,others
kyelacouncil,council,7,0.01%,local_govt
lawatefukawatersuppl,lawatefukawatersupply,7,0.01%,others
local,cocen,7,0.01%,others
mbozidistrictcouncil,wbdistrictcouncil,7,0.01%,local_govt
menon,eno,7,0.01%,others
mws,ms,7,0.01%,others
parastatal,parastatalan,7,0.01%,others
rwsssp,rwssp,7,0.01%,rwssp
sangeadistrictcouncil,songeadistrictcouncil,7,0.01%,local_govt
sauwasa,auwasa,7,0.01%,others
school,schoo,7,0.01%,others
summitforwater,finiwater,7,0.01%,others
unicefcsp,unicefcspd,7,0.01%,united_nations
villagegovt,village,7,0.01%,others
adf,adb,6,0.01%,others
africandevelopmentfoundation,africandevelopmentbank,6,0.01%,others
caltus,caltas,6,0.01%,others
clause,caltus,6,0.01%,others
concerngovern,concerngovernm,6,0.01%,others
dawasco,dawasa,6,0.01%,others
filo,ilo,6,0.01%,others
gaica,jaica,6,0.01%,others
gt,ga,6,0.01%,others
in,if,6,0.01%,others
islam,islamic,6,0.01%,others
jimbofund,johnfund,6,0.01%,others
kimkuma,kiuma,6,0.01%,others
mac,ma,6,0.01%,others
makonde,makonder,6,0.01%,others
mboma,miomb,6,0.01%,others
mhezadistriccounc,mkingadistriccoun,6,0.01%,local_govt
ministryofeducation,ministryofwater,6,0.01%,others
moslemfoundation,kombefoundation,6,0.01%,others
mzungupaul,mzungu,6,0.01%,others
ngos,ngo,6,0.01%,others
obc,abd,6,0.01%,others
pataji,arabi,6,0.01%,others
quick,quik,6,0.01%,others
re,de,6,0.01%,others
robertloyal,robertmosi,6,0.01%,others
rwsspwsdp,rwsssp,6,0.01%,rwssp
sanjewa,sunjana,6,0.01%,others
secondaryschoo,secondary,6,0.01%,others
semakik,semaki,6,0.01%,others
tassafdanida,tasafandlga,6,0.01%,tasaf
usa,asb,6,0.01%,others
villa,bilila,6,0.01%,others
vttp,tpp,6,0.01%,others
wateaidsema,wateraidsema,6,0.01%,others
wd,d,6,0.01%,others
wfpusaidtnt,wfpusaid,6,0.01%,others
worldvisionkkkt,worldvision,6,0.01%,kkkt
asdp,adp,5,0.01%,others
balo,ballo,5,0.01%,others
bilila,villa,5,0.01%,others
brdp,drdp,5,0.01%,others
caltas,caltus,5,0.01%,others
cbhi,cgi,5,0.01%,others
church,churc,5,0.01%,church
cpro,cipro,5,0.01%,others
dbspe,dbfpe,5,0.01%,others
ddp,adp,5,0.01%,others
dmk,dak,5,0.01%,others
domesticruraldevelopmentpro,domesticruraldevelopmentpr,5,0.01%,others
ea,el,5,0.01%,others
farmafrica,africa,5,0.01%,others
greec,area,5,0.01%,others
handenitrunkmain,handenitrunkmaini,5,0.01%,others
hesaw,hesawa,5,0.01%,hesawa
hesawz,hesaw,5,0.01%,hesawa
hospital,caritas,5,0.01%,others
ilkerivillage,ndukuvillage,5,0.01%,others
japanfood,japanaid,5,0.01%,others
jgb,adb,5,0.01%,others
kigomamunicipal,kigomamunicipalcouncil,5,0.01%,local_govt
kirdep,kidep,5,0.01%,others
krp,adp,5,0.01%,others
lionsclub,lionclu,5,0.01%,others
losakiawatersupply,losaakiawatersupply,5,0.01%,others
mdgwc,mdc,5,0.01%,others
mgm,bgm,5,0.01%,others
mpmzeru,membero,5,0.01%,others
nsc,aic,5,0.01%,others
ola,oda,5,0.01%,others
priva,private,5,0.01%,others
regwacompanyofegypt,regwacompanyofegpty,5,0.01%,others
safariroya,safaricamp,5,0.01%,others
stph,saoh,5,0.01%,others
tabraki,arabi,5,0.01%,others
tanap,tanapa,5,0.01%,others
tcrscare,africare,5,0.01%,tcrs
tcrstlc,tcrst,5,0.01%,tcrs
trachoma,taboma,5,0.01%,others
tulawakagoldmine,bulyahunlugoldmine,5,0.01%,others
tumainifund,jimbofund,5,0.01%,others
uhaiwamamanamtoto,harunampog,5,0.01%,others
usaidwfp,usaid,5,0.01%,others
walokole,malola,5,0.01%,others
wanan,japan,5,0.01%,others
wcs,ics,5,0.01%,others
wrssp,rssp,5,0.01%,others
adap,adp,4,0.01%,others
bridgenorth,bruder,4,0.01%,others
cartastanzania,caltastanzania,4,0.01%,others
cast,act,4,0.01%,others
cdg,cdcg,4,0.01%,others
christianoutrich,christanoutrich,4,0.01%,others
concen,cocen,4,0.01%,others
cpps,ccps,4,0.01%,others
dioceseofgeita,oikoseafrika,4,0.01%,others
dwebambooprojec,kamataproject,4,0.01%,others
freepentecostechurchoftanz,pentecostachurch,4,0.01%,church
geochaina,chacha,4,0.01%,others
hiap,adap,4,0.01%,others
institutional,insititutiona,4,0.01%,others
kashwas,hasawa,4,0.01%,others
kijiji,kijij,4,0.01%,others
konoike,conce,4,0.01%,others
lcgd,ldcgd,4,0.01%,others
lench,bened,4,0.01%,others
lions,lionsc,4,0.01%,others
loliondoparish,kilimarondoparish,4,0.01%,others
loliondosecondary,secondary,4,0.01%,others
longidosecschool,polandsecschool,4,0.01%,others
lutheran,luthe,4,0.01%,others
mavunongo,acordngo,4,0.01%,others
minis,kanis,4,0.01%,others
moravian,morovian,4,0.01%,others
musilimagency,muslims,4,0.01%,others
mwangatownwaterauthority,waterauthority,4,0.01%,others
netherland,natherland,4,0.01%,others
nrwssp,drwssp,4,0.01%,rwssp
nyamongogoldmining,mmggoldmine,4,0.01%,others
oldonyolengai,hongoli,4,0.01%,others
pad,padi,4,0.01%,others
quickwi,quickwin,4,0.01%,others
rccathoric,cathoric,4,0.01%,others
romanca,roman,4,0.01%,others
ruraldrinkingwatersupply,ruralwatersupply,4,0.01%,others
salehzaharani,caltazkahama,4,0.01%,others
simmors,simone,4,0.01%,others
sweden,sweeden,4,0.01%,others
t,,4,0.01%,others
tagchurch,pagchurch,4,0.01%,church
tanesco,unesco,4,0.01%,others
tcrsgovernment,ciprogovernment,4,0.01%,tcrs
tgts,tgrs,4,0.01%,others
totolandcare,totalandcare,4,0.01%,others
unknown,notknown,4,0.01%,others
wizara,kinapa,4,0.01%,others
wvc,vc,4,0.01%,others
acord,abood,3,0.01%,others
anjumaneseifee,jumannesiabo,3,0.01%,others
awf,adf,3,0.01%,others
belgij,engin,3,0.01%,others
bingofoundation,kibarafoundation,3,0.01%,others
bobby,boazi,3,0.01%,others
cheni,chani,3,0.01%,others
ciprocare,africare,3,0.01%,others
colonialgovernment,belgiangovernment,3,0.01%,others
concerngovernm,concerngovern,3,0.01%,others
dadp,adp,3,0.01%,others
danidagovernment,chinagovernment,3,0.01%,others
dbfpe,dbspe,3,0.01%,others
dhinu,dina,3,0.01%,others
diwani,chani,3,0.01%,others
doddea,daida,3,0.01%,others
dwt,dct,3,0.01%,others
engin,belgij,3,0.01%,others
enyueti,enyuati,3,0.01%,others
eu,ea,3,0.01%,others
f,,3,0.01%,others
floresta,bahresa,3,0.01%,others
fpctchurch,agtchurch,3,0.01%,church
gachumaginery,actmara,3,0.01%,others
geitagoldmain,goldmain,3,0.01%,others
ggm,bgm,3,0.01%,others
greinaker,greineker,3,0.01%,others
halmashauriyawilaya,halmashauriwil,3,0.01%,others
hindu,dhinu,3,0.01%,others
hw,dw,3,0.01%,others
hydomluthelani,lutheran,3,0.01%,others
ifakara,aar,3,0.01%,others
ireveasister,ireveasisterwater,3,0.01%,others
italygovernment,irishgovernment,3,0.01%,others
japanaid,japan,3,0.01%,others
japanembassy,usaembassy,3,0.01%,others
kiwandachatangawizi,kiwandachangozi,3,0.01%,others
kmt,act,3,0.01%,others
koicaandtanzaniagovernment,lwicentralgovernment,3,0.01%,others
korea,area,3,0.01%,others
l,,3,0.01%,others
laketanganyika,laketanganyikabasin,3,0.01%,others
lcdg,cdg,3,0.01%,others
lgcbg,lgcdg,3,0.01%,others
lgdcg,lgdbg,3,0.01%,others
lidep,kidep,3,0.01%,others
liuwassa,auwasa,3,0.01%,others
lvemp,rvemp,3,0.01%,others
lwicentralgovernment,chinagovernment,3,0.01%,others
makondewatersupply,holiliwatersupply,3,0.01%,others
malec,males,3,0.01%,others
mchukwihos,chuo,3,0.01%,others
mhkapuya,hapa,3,0.01%,others
mianz,mhan,3,0.01%,others
minjingu,inkinda,3,0.01%,others
miomb,iom,3,0.01%,others
missionary,rcmissionary,3,0.01%,others
mmem,mem,3,0.01%,others
morovian,moravian,3,0.01%,others
mtibwas,mbiuwasa,3,0.01%,others
mtuwasaandcommunity,masekacommunity,3,0.01%,others
mweliaestate,segeraestate,3,0.01%,others
mzeedon,menon,3,0.01%,others
nassorfehed,acord,3,0.01%,others
ndukuvillage,subvillage,3,0.01%,others
ngiresivillagecommunity,olgilaivillagecommunity,3,0.01%,others
oikos,aixos,3,0.01%,others
oldadaivillagecommunity,olgilaivillagecommunity,3,0.01%,others
patuu,latfu,3,0.01%,others
pentecostachurch,pentecostalchurch,3,0.01%,church
pr,br,3,0.01%,others
presadom,area,3,0.01%,others
quickwinproject,quickwinsscheme,3,0.01%,others
quickwinprojectcouncil,quickwinproject,3,0.01%,local_govt
quik,quick,3,0.01%,others
ro,co,3,0.01%,others
rotaryi,rotary,3,0.01%,others
rotte,ruthe,3,0.01%,others
rssp,rwsp,3,0.01%,others
ruralwatersupply,holiliwatersupply,3,0.01%,others
rvemp,lvemp,3,0.01%,others
schoo,school,3,0.01%,others
selousg,caltus,3,0.01%,others
serena,area,3,0.01%,others
serikari,serikali,3,0.01%,others
shanta,chacha,3,0.01%,others
simavi,simav,3,0.01%,others
soliderm,solidarm,3,0.01%,others
sswp,asdp,3,0.01%,others
stantons,panone,3,0.01%,others
sw,dw,3,0.01%,others
tanroad,tanload,3,0.01%,others
tanzegypttechnicalcooper,tanzegypttechnicalcoop,3,0.01%,others
tirdo,tardo,3,0.01%,others
tpp,adp,3,0.01%,others
udcsema,sema,3,0.01%,others
uhoranzi,mhoranzi,3,0.01%,others
ukida,cida,3,0.01%,others
unesco,tanesco,3,0.01%,others
usaembassy,usembassy,3,0.01%,others
usaid,usa,3,0.01%,others
ustawi,esawa,3,0.01%,others
uyoge,biore,3,0.01%,others
vi,ai,3,0.01%,others
vickfis,vicfish,3,0.01%,others
vodacom,dacp,3,0.01%,others
wama,ham,3,0.01%,others
watersectordevelopment,waterdepartment,3,0.01%,others
wfpusaid,usaid,3,0.01%,others
wssp,dwssp,3,0.01%,rwssp
zaowaterspring,zaowaterspringx,3,0.01%,others
abood,abd,2,0.00%,others
acordngo,acord,2,0.00%,others
adpbungu,mbunge,2,0.00%,others
adpw,adp,2,0.00%,others
africa,afric,2,0.00%,others
africa2000networkundp,african2000network,2,0.00%,others
africaaminialama,africanrelie,2,0.00%,others
african2000network,africa2000networkundp,2,0.00%,others
africanbarrickgold,african2000network,2,0.00%,others
africanrealiefcommitteofku,africandevelopmentbank,2,0.00%,others
aicchurch,agtchurch,2,0.00%,church
arabscommunity,arabcommunity,2,0.00%,others
ardhiinstute,dhinu,2,0.00%,others
biofuelcompany,company,2,0.00%,others
bokeraw,bra,2,0.00%,others
breadforthewor,breadoftheworl,2,0.00%,others
britishtanza,artisan,2,0.00%,others
c,,2,0.00%,others
calvaryconnect,camartec,2,0.00%,others
carecipro,careint,2,0.00%,others
cdtfdistrictcouncil,districtcouncil,2,0.00%,local_govt
cgi,cg,2,0.00%,others
chacha,acra,2,0.00%,others
chani,cheni,2,0.00%,others
cip,ccp,2,0.00%,others
cipro,cpro,2,0.00%,others
compa,commu,2,0.00%,others
company,compa,2,0.00%,others
comunediroma,community,2,0.00%,others
cope,ccp,2,0.00%,others
dawasa,auwasa,2,0.00%,others
denat,dina,2,0.00%,others
denish,dadis,2,0.00%,others
dioce,biore,2,0.00%,others
dmmd,dmd,2,0.00%,others
dmo,dmd,2,0.00%,others
domesticwatersupplyproject,districtruralproject,2,0.00%,others
dsp,dasp,2,0.00%,others
dweandveo,dwerudep,2,0.00%,others
egypt,elct,2,0.00%,others
egyptgovernment,belgiangovernment,2,0.00%,others
eno,no,2,0.00%,others
eungammethodistchurch,methodistchurch,2,0.00%,church
fao,bao,2,0.00%,others
fatherw,fathe,2,0.00%,others
foreigne,careint,2,0.00%,others
fptcpent,fpct,2,0.00%,others
friendsofkibarafoundation,kibarafoundation,2,0.00%,others
gamefronti,samsoni,2,0.00%,others
gdid,dadid,2,0.00%,others
gesawa,esawa,2,0.00%,others
globalfund,jimbofund,2,0.00%,others
government,overnment,2,0.00%,others
governmentofmisri,governmentsda,2,0.00%,others
greineker,greinaker,2,0.00%,others
gwitembe,getekwe,2,0.00%,others
halmashauli,halimashauli,2,0.00%,others
halmashauriwil,halmashauri,2,0.00%,others
holand,holland,2,0.00%,others
hpa,hapa,2,0.00%,others
htm,ham,2,0.00%,others
ikeuchitowelsjapan,kkktdiocesyapare,2,0.00%,others
insututional,institutional,2,0.00%,others
investor,incerto,2,0.00%,others
irangover,birage,2,0.00%,others
irc,idc,2,0.00%,others
irishgovernment,isfgovernment,2,0.00%,others
islamicagencytanzania,plantanzania,2,0.00%,others
italy,balo,2,0.00%,others
jimmy,commu,2,0.00%,others
judgemchome,jumanne,2,0.00%,others
juhibu,bumabu,2,0.00%,others
k,,2,0.00%,others
kambimigoko,aimgold,2,0.00%,others
kata,kalta,2,0.00%,others
kdrdpngo,drdpngo,2,0.00%,others
kerebuka,benguka,2,0.00%,others
kfw,fw,2,0.00%,others
kibahaindependentschool,governmentschool,2,0.00%,others
kibo,filo,2,0.00%,others
kibobrewaries,komeparish,2,0.00%,others
kiwandachasamaki,kiwandachangozi,2,0.00%,others
kkktdme,kkkt,2,0.00%,kkkt
kombefoundation,kujifoundation,2,0.00%,others
kwik,ki,2,0.00%,others
kyariga,kajima,2,0.00%,others
laramatak,ilaramataki,2,0.00%,others
lenchtaramai,geochaina,2,0.00%,others
lgaandadb,canada,2,0.00%,others
lisa,sisa,2,0.00%,others
lotaryclub,rotaryclub,2,0.00%,others
lwf,awf,2,0.00%,others
magereza,kagera,2,0.00%,others
makoyemasanzu,magomaadp,2,0.00%,others
makuru,makori,2,0.00%,others
mamamerynagu,muhameidna,2,0.00%,others
maro,aar,2,0.00%,others
mashaka,hasawa,2,0.00%,others
mataro,maro,2,0.00%,others
ministryofhealthy,ministryofwater,2,0.00%,others
missio,missi,2,0.00%,others
mmggoldmine,goldmain,2,0.00%,others
moradi,morad,2,0.00%,others
mp,m,2,0.00%,others
mtc,mac,2,0.00%,others
muhameidna,mhina,2,0.00%,others
mwigicho,swidish,2,0.00%,others
mwitamuremi,mwitamahiti,2,0.00%,others
mwlnyereresecschool,longidosecschool,2,0.00%,others
mzeeomari,mzeesmith,2,0.00%,others
mzung,mzungu,2,0.00%,others
nazarethchurch,nazaletchurch,2,0.00%,church
nchagwa,chacha,2,0.00%,others
nddp,ddp,2,0.00%,others
neemiamission,herimission,2,0.00%,others
niger,cper,2,0.00%,others
nirad,norad,2,0.00%,norad
none,conce,2,0.00%,others
noradtassaf,noradtassafii,2,0.00%,norad
noradtassafii,noradtassaf,2,0.00%,norad
nwssp,dwssp,2,0.00%,rwssp
oda,ola,2,0.00%,others
omaryissa,masista,2,0.00%,others
others,fatherw,2,0.00%,others
ox,o,2,0.00%,others
pentecostalchurch,pentecostachurch,2,0.00%,church
peoplefromjapan,peopleofjapan,2,0.00%,others
peter,peters,2,0.00%,others
qsemltd,snvltd,2,0.00%,others
rafik,af,2,0.00%,others
railway,alia,2,0.00%,others
redap,redep,2,0.00%,others
redeso,redep,2,0.00%,others
regwacompanyofegpty,regwacompanyofegypt,2,0.00%,others
resolute,rotte,2,0.00%,others
rocciross,redcross,2,0.00%,others
romancathoric,romancatholic,2,0.00%,others
rombodalta,abdala,2,0.00%,others
ruped,rudep,2,0.00%,others
ruralwaterdepartment,waterdepartment,2,0.00%,others
rwsspshinyanga,isnashiaand,2,0.00%,rwssp
s,,2,0.00%,others
sawaka,dawasa,2,0.00%,others
schooladm9nstrarion,fredkedconservation,2,0.00%,others
scott,acord,2,0.00%,others
senapa,kinapa,2,0.00%,others
shearmuslim,muslims,2,0.00%,others
singasinga,singsinga,2,0.00%,others
sisterfrancis,siterfransis,2,0.00%,others
snvswash,swash,2,0.00%,others
socie,cip,2,0.00%,others
solarvilla,maxavella,2,0.00%,others
sua,sda,2,0.00%,others
svn,vn,2,0.00%,others
swash,iwash,2,0.00%,others
swidish,swedish,2,0.00%,others
tadepa,padep,2,0.00%,others
tagpatmos,taipo,2,0.00%,others
tasafandlga,tasafandmmem,2,0.00%,tasaf
tasef,tasaf,2,0.00%,tasaf
tempo,taipo,2,0.00%,others
tendegreehotel,judgemchome,2,0.00%,others
theislamic,islamic,2,0.00%,others
tlcjohnmajala,chamavita,2,0.00%,others
tom,dom,2,0.00%,others
totoland,holand,2,0.00%,others
unicefcspd,unicecspd,2,0.00%,united_nations
unwfp,undp,2,0.00%,others
uvimaki,rumaki,2,0.00%,others
vicfish,vickfis,2,0.00%,others
vicfishltd,vicfish,2,0.00%,others
vifaf,vifafi,2,0.00%,others
vififi,vifafi,2,0.00%,others
villaers,villagers,2,0.00%,others
villagefund,village,2,0.00%,others
villageoffice,villagefund,2,0.00%,others
wajerumani,wamarekani,2,0.00%,others
wbdistrictcouncil,districtcouncil,2,0.00%,local_govt
wsdpsdg,wsdp,2,0.00%,others
wspd,cspd,2,0.00%,others
wuaandded,wugandded,2,0.00%,others
zaben,tabea,2,0.00%,others
abaska,abasia,1,0.00%,others
abcihushidevelopmentcent,africandevelopmentbank,1,0.00%,others
abdala,abdul,1,0.00%,others
abddwe,abd,1,0.00%,others
abdul,abd,1,0.00%,others
abs,abd,1,0.00%,others
act,aict,1,0.00%,others
actionina,actionaid,1,0.00%,others
actmara,acra,1,0.00%,others
afdp,adp,1,0.00%,others
afric,africa,1,0.00%,others
africanreflectionsfoundation,africandevelopmentfoundation,1,0.00%,others
africaoneltd,africanrelie,1,0.00%,others
africaprojectevgermany,acogermany,1,0.00%,others
afriicanreli,africanrelie,1,0.00%,others
afrozismail,africa,1,0.00%,others
afyadepartmentlindirural,waterdepartment,1,0.00%,others
agapechurc,agtchurch,1,0.00%,church
agtchurch,aicchurch,1,0.00%,church
ahmadia,abasia,1,0.00%,others
aickij,aic,1,0.00%,others
aixos,oikos,1,0.00%,others
alia,acra,1,0.00%,others
ambwenemwaikek,kibobrewaries,1,0.00%,others
amrefe,amref,1,0.00%,others
answeermuslimgrou,shearmuslim,1,0.00%,others
apm,aar,1,0.00%,others
apmafricapreciousmetalslt,africanrelie,1,0.00%,others
aquabluesangels,paulosange,1,0.00%,others
arabcommunity,arabscommunity,1,0.00%,others
arabi,msabi,1,0.00%,others
area,acra,1,0.00%,others
artisan,african,1,0.00%,others
asgeralinbharwan,angrikana,1,0.00%,others
babtest,babtist,1,0.00%,others
babtist,babtest,1,0.00%,others
bahresa,area,1,0.00%,others
bakarichimkube,makapuchini,1,0.00%,others
bakwata,auwasa,1,0.00%,others
ballo,balo,1,0.00%,others
balyehe,salehe,1,0.00%,others
bancareale,caredwe,1,0.00%,others
bao,balo,1,0.00%,others
bap,bao,1,0.00%,others
bathlomewvicent,cathoric,1,0.00%,others
batistchurch,baptistchurch,1,0.00%,church
bfwd,bffs,1,0.00%,others
bgss,baas,1,0.00%,others
bgssws,bgss,1,0.00%,others
bhws,bkhws,1,0.00%,others
bingofoundationgermany,bingofoundation,1,0.00%,others
birage,biore,1,0.00%,others
bkhws,bhws,1,0.00%,others
boazi,boazio,1,0.00%,others
boazio,boazi,1,0.00%,others
bomasaving,marafin,1,0.00%,others
bongkugohhchoonlzalee,longidosecschool,1,0.00%,others
bonitebottlesltd,africaoneltd,1,0.00%,others
bra,br,1,0.00%,others
brad,bra,1,0.00%,others
breadoftheworl,breadforthewor,1,0.00%,others
brown,bao,1,0.00%,others
bukumbi,bumabu,1,0.00%,others
bukwangchurchsaint,bukwangchurchsaints,1,0.00%,church
bukwangchurchsaints,bukwangchurchsaint,1,0.00%,church
bulugasubvillagecommunity,okutuvillagecommunity,1,0.00%,others
bumabu,juhibu,1,0.00%,others
buptist,babtist,1,0.00%,others
busogatrust,buptist,1,0.00%,others
caltastanzania,cartastanzania,1,0.00%,others
caltazkahama,caltastanzania,1,0.00%,others
camartec,carmatech,1,0.00%,others
canadaaid,canada,1,0.00%,others
caredwe,abddwe,1,0.00%,others
careint,caredwe,1,0.00%,others
carmatech,camartec,1,0.00%,others
cathoric,rccathoric,1,0.00%,others
ccmotorday2010,acogermany,1,0.00%,others
ccp,ccpk,1,0.00%,others
ccpk,ccp,1,0.00%,others
ccps,ccp,1,0.00%,others
cdft,tdft,1,0.00%,others
cefarcchurch,aicchurch,1,0.00%,church
cgc,cg,1,0.00%,others
cgrc,cgc,1,0.00%,others
ch,c,1,0.00%,others
chachaissame,chacha,1,0.00%,others
chaiwazir,chacha,1,0.00%,others
chamachaushirika,halmashauri,1,0.00%,others
charlottewell,caredwe,1,0.00%,others
chmavita,camavita,1,0.00%,others
chongolo,hongoli,1,0.00%,others
christanoutrich,christianoutrich,1,0.00%,others
chuo,ch,1,0.00%,others
churchofdisciples,chachaissame,1,0.00%,church
cida,fida,1,0.00%,others
cocu,ccp,1,0.00%,others
college,ecolodge,1,0.00%,others
communitybank,community,1,0.00%,others
compasioninternational,careinternational,1,0.00%,others
comunityconstructionfund,friedkinconservationfund,1,0.00%,others
costantineherman,justinemarwa,1,0.00%,others
cpar,cper,1,0.00%,others
cper,cpar,1,0.00%,others
cppsmission,herimission,1,0.00%,others
craelius,caltus,1,0.00%,others
cristanoutrich,christanoutrich,1,0.00%,others
crs,tcrs,1,0.00%,tcrs
csf,bsf,1,0.00%,others
cvsmiss,cmsr,1,0.00%,others
dacp,dadp,1,0.00%,others
dadid,dadis,1,0.00%,others
daeyeolandchaelynn,rafaelmichael,1,0.00%,others
dagida,daida,1,0.00%,others
daida,dagida,1,0.00%,others
daldo,ballo,1,0.00%,others
daressalaamroundtable,kanisalamenonite,1,0.00%,others
dasiip,dasip,1,0.00%,others
daspltd,dasp,1,0.00%,others
daunoperaiosiciliano,europeanunion,1,0.00%,others
dbsp,dasp,1,0.00%,others
ddca,adra,1,0.00%,others
dedkilo,undpilo,1,0.00%,others
dedrwsp,dedrwssp,1,0.00%,rwssp
dedrwssp,dedrwsp,1,0.00%,rwssp
deogratiuskasima,lualikaima,1,0.00%,others
dgv,dhv,1,0.00%,dhv
dhvswis,bgssws,1,0.00%,dhv
dimon,dmo,1,0.00%,others
dina,cida,1,0.00%,others
dioceseofmountkilimanjaro,lionsclubkilimanjaro,1,0.00%,others
districtmedical,districtcouncil,1,0.00%,others
districtruralproject,mileniamproject,1,0.00%,others
dmd,ded,1,0.00%,others
dmddsolider,soliderm,1,0.00%,others
dmkanglican,african,1,0.00%,others
doctormwambi,actmara,1,0.00%,others
doktamwandulam,hassangulam,1,0.00%,others
dom,do,1,0.00%,others
domesticruraldevelopmentpr,domesticruraldevelopmentpro,1,0.00%,others
dominikisimwen,gamedivision,1,0.00%,others
donerandcom,donerandded,1,0.00%,others
donerandded,donerandcom,1,0.00%,others
dqnida,danida,1,0.00%,danida
drdp,brdp,1,0.00%,others
drvnaidara,daida,1,0.00%,others
drwssp,dwssp,1,0.00%,rwssp
dsdp,asdp,1,0.00%,others
duka,luka,1,0.00%,others
dv,d,1,0.00%,others
dwarf,aar,1,0.00%,others
dweanglicanchurch,anglicanchurch,1,0.00%,church
dwerudep,rudep,1,0.00%,others
dweubaloziwamarekani,ubaloziwamarekani,1,0.00%,others
dwsdp,dsdp,1,0.00%,dwsp
dwst,dwsp,1,0.00%,dwsp
eastmerumediumschool,princemediumschool,1,0.00%,others
eater,water,1,0.00%,others
ecolodge,college,1,0.00%,others
educationfunds,tumainifund,1,0.00%,others
egypttechnicalcooperation,tanzegypttechnicalcooper,1,0.00%,others
elca,elct,1,0.00%,others
embasyofjapanintanzania,islamicagencytanzania,1,0.00%,others
engineerswithoutborder,insititutiona,1,0.00%,others
enyuati,enyueti,1,0.00%,others
ermua,area,1,0.00%,others
errekappa,redap,1,0.00%,others
esawa,gesawa,1,0.00%,others
esterndege,dwerudep,1,0.00%,others
fabia,alia,1,0.00%,others
fdc,idc,1,0.00%,others
fida,cida,1,0.00%,others
fiwater,finwater,1,0.00%,others
folac,ola,1,0.00%,others
fosecu,cocu,1,0.00%,others
fpctmulala,actmara,1,0.00%,others
frankfurt,franc,1,0.00%,others
fredkedconservation,friedkinconservationfund,1,0.00%,others
freshwaterplcengland,netherland,1,0.00%,others
friedkinconservationfund,fredkedconservation,1,0.00%,others
friendfromun,redcross,1,0.00%,others
friendsofulamboandmwanhala,friendsofkibarafoundation,1,0.00%,others
fullgospelchurch,agapechurc,1,0.00%,church
gamedivision,worldvision,1,0.00%,others
gdp,adp,1,0.00%,others
geraldtusekogro,karadeango,1,0.00%,others
germanmissionary,germanymissionary,1,0.00%,others
germanycristians,germanymisionary,1,0.00%,others
germanymissionary,germanmissionary,1,0.00%,others
getdsc00,gesawa,1,0.00%,others
getekwe,mtewe,1,0.00%,others
gg,cg,1,0.00%,others
gilcafechurch,aicchurch,1,0.00%,church
giovandisinistrapersalve,makanyasisalestate,1,0.00%,others
godii,gdid,1,0.00%,others
goldmain,gain,1,0.00%,others
goldwillfoundation,kombefoundation,1,0.00%,others
governmentandcommunity,governmentcommunity,1,0.00%,others
governmentschool,governmentsda,1,0.00%,others
governmentsda,government,1,0.00%,others
governmenttcrs,government,1,0.00%,tcrs
governmentworldvision,governmentworldbank,1,0.00%,worldvision
grailmissionkisekibar,germanmissionary,1,0.00%,others
granahalmashauri,halmashauri,1,0.00%,others
graziefrancolucchini,lutheranchurch,1,0.00%,others
graziegrouppopadrefiorentin,graziefrancolucchini,1,0.00%,others
gurdians,germany,1,0.00%,others
h4ccp,ccp,1,0.00%,others
haam,ham,1,0.00%,others
haidomulutheranchurch,lutheranchurch,1,0.00%,church
halimashau,halimashauli,1,0.00%,others
halimashauli,halmashauli,1,0.00%,others
hamref,amref,1,0.00%,others
handenitrunkmaini,handenitrunkmain,1,0.00%,others
hapasingida,japanaid,1,0.00%,others
harunampog,sunamco,1,0.00%,others
hasawa,hesawa,1,0.00%,hesawa
hashi,rashid,1,0.00%,others
hasnanmurigmbunge,hasneinmuijmbunge,1,0.00%,others
hasneinmuijmbunge,hasnanmurigmbunge,1,0.00%,others
hasneinmurij,halmashauri,1,0.00%,others
hassangulam,hapasingida,1,0.00%,others
haydomlutheranhospital,hydomluthelani,1,0.00%,others
hdv,dv,1,0.00%,others
healthministry,arabcommunity,1,0.00%,others
heartshelpinghandsinc,nerthlands,1,0.00%,others
henuredema,bened,1,0.00%,others
herimission,rcmission,1,0.00%,others
hery,he,1,0.00%,others
hesawaandconcernworldwide,concernworldwide,1,0.00%,hesawa
hesawwa,hesawa,1,0.00%,hesawa
hesawza,hesawa,1,0.00%,hesawa
hesswa,hesawa,1,0.00%,hesawa
hewawa,hesawa,1,0.00%,hesawa
hez,he,1,0.00%,hesawa
hhesawa,hesawa,1,0.00%,hesawa
hilfefurbrunder,bruder,1,0.00%,others
holiliwatersupply,losakiawatersupply,1,0.00%,others
hongoli,chongolo,1,0.00%,others
hotelsandlodgetanzania,hotelsandloggstzltd,1,0.00%,others
hotelsandloggstzltd,hotelsandlodgetanzania,1,0.00%,others
huches,luthe,1,0.00%,others
iado,nado,1,0.00%,others
icap,icdp,1,0.00%,others
icdp,icap,1,0.00%,others
icf,ics,1,0.00%,others
idf,adf,1,0.00%,others
if,af,1,0.00%,others
igololacommunity,ilwilocommunity,1,0.00%,others
ilaramataki,laramatak,1,0.00%,others
iloundp,undp,1,0.00%,others
ilwilocommunity,igololacommunity,1,0.00%,others
incerto,investor,1,0.00%,others
inkinda,kinga,1,0.00%,others
inmemoriadialbeto,leopadabeid,1,0.00%,others
insititutiona,institution,1,0.00%,others
internaldrainagebasin,laketanganyikabasin,1,0.00%,others
internationalaidservices,careinternational,1,0.00%,others
iom,dom,1,0.00%,others
ireveasisterwater,ireveasister,1,0.00%,others
isfgvt,isf,1,0.00%,others
isftasaff,isftacare,1,0.00%,others
islamiccommunity,ilwilocommunity,1,0.00%,others
islamicsociety,muslimsociety,1,0.00%,others
isnashiaand,masailand,1,0.00%,others
issamohameditumwanga,islamicagencytanzania,1,0.00%,others
italian,alia,1,0.00%,others
iucn,icf,1,0.00%,others
jacobin,acord,1,0.00%,others
jafarymbaga,japanembassy,1,0.00%,others
jamal,japan,1,0.00%,others
jamalabdallah,mmanyaabdallah,1,0.00%,others
japanfoodaid,japanfood,1,0.00%,others
japanfoodaidcounterpart,japanfoodaid,1,0.00%,others
japangovernment,ciprogovernment,1,0.00%,others
jeshilawokovucida,jeshilawokovu,1,0.00%,others
jipa,jica,1,0.00%,others
johnfund,jimbofund,1,0.00%,others
johngileth,johnskwese,1,0.00%,others
johnskwese,johngileth,1,0.00%,others
ju,eu,1,0.00%,others
juma,jumaa,1,0.00%,others
jumaa,juma,1,0.00%,others
jumanne,juma,1,0.00%,others
jumannesiabo,jumanne,1,0.00%,others
jusarangchurchandbugango,bukwangchurchsaint,1,0.00%,church
justinemarwa,actmara,1,0.00%,others
jwtz,dwt,1,0.00%,others
kaaya,kalta,1,0.00%,others
kadip,kadp,1,0.00%,others
kagera,kahema,1,0.00%,others
kageramine,kagera,1,0.00%,others
kagungulisecondary,zingibalisecondary,1,0.00%,others
kahema,kaemp,1,0.00%,others
kajima,kahema,1,0.00%,others
kalebejoparish,komeparish,1,0.00%,others
kalitesi,kalitasi,1,0.00%,others
kamama,kaaya,1,0.00%,others
kamataproject,camartec,1,0.00%,others
kanamama,kamama,1,0.00%,others
kando,daldo,1,0.00%,others
kanis,kanisa,1,0.00%,others
kanisalamitume,kanisalaneema,1,0.00%,others
kanisalaneema,kanisalamitume,1,0.00%,others
kanisalatag,kanamama,1,0.00%,others
kanisani,kanisa,1,0.00%,others
kapelo,ballo,1,0.00%,others
karadeango,kadresngo,1,0.00%,others
kassim,dassip,1,0.00%,others
kauzeni,cheni,1,0.00%,others
kayempultd,daspltd,1,0.00%,others
kc,c,1,0.00%,others
kcu,kc,1,0.00%,others
kdc,fdc,1,0.00%,others
kdpa,adp,1,0.00%,others
kegocha,chacha,1,0.00%,others
kenyanscompany,oldnyikacompany,1,0.00%,others
kibarafoundation,bingofoundation,1,0.00%,others
kidika,bilila,1,0.00%,others
kigomamunicipalcouncil,taboramunicipalcouncil,1,0.00%,local_govt
kigwa,kinga,1,0.00%,others
kijij,kijiji,1,0.00%,others
kikom,iom,1,0.00%,others
kikundichaakinamama,kiwandachasamaki,1,0.00%,others
kilimarondoparish,loliondoparish,1,0.00%,others
kilimo,bilila,1,0.00%,others
kilol,filo,1,0.00%,others
kindorokowaterproject,rilayowaterproject,1,0.00%,others
kinga,dina,1,0.00%,others
kipopotry,kilomber,1,0.00%,others
kitiangarevillagecommunity,ngiresivillagecommunity,1,0.00%,others
kiwandachangozi,kiwandachasamaki,1,0.00%,others
kizegojumaa,jumaa,1,0.00%,others
kizenga,kinga,1,0.00%,others
kkktcanal,kkktmakwale,1,0.00%,kkkt
kkktleguruki,kkktchurch,1,0.00%,kkkt
kkktmareu,kkktcanal,1,0.00%,kkkt
kkktndrumangeni,kiwandachangozi,1,0.00%,kkkt
kkktusa,kkkt,1,0.00%,kkkt
koico,koica,1,0.00%,others
kokornel,konoike,1,0.00%,others
kolopin,goldmain,1,0.00%,others
komeparish,msdanish,1,0.00%,others
kondela,doddea,1,0.00%,others
kondoprimary,kingupiras,1,0.00%,others
kopwekhalifa,komeparish,1,0.00%,others
ku,eu,1,0.00%,others
kujifoundation,kombefoundation,1,0.00%,others
kurrp,krp,1,0.00%,others
kurrpki,kurrp,1,0.00%,others
kwaditrikicho,mwigicho,1,0.00%,others
kwamakala,kamama,1,0.00%,others
kwamduluestate,mweliaestate,1,0.00%,others
kwamzeewaziri,chaiwazir,1,0.00%,others
kwangnammiddleschool,longidosecschool,1,0.00%,others
kwaruhombohe,adpmombo,1,0.00%,others
kwasenengegroup,waterusergroup,1,0.00%,others
kyelamorogoro,kyelacouncil,1,0.00%,others
laizer,eater,1,0.00%,others
laketanganyikabasin,laketanganyika,1,0.00%,others
laketanganyikaprodap,laketanganyika,1,0.00%,others
latfu,patuu,1,0.00%,others
lc,c,1,0.00%,others
ldcdd,ldcgd,1,0.00%,others
ldcgd,lcgd,1,0.00%,others
leekangpyungsfamily,stevennyangarika,1,0.00%,others
legezalegeza,magereza,1,0.00%,others
leopadabeid,canadaaid,1,0.00%,others
lg,cg,1,0.00%,others
lgcd,lgcdg,1,0.00%,others
lgcgd,lcgd,1,0.00%,others
lgdbg,lgcbg,1,0.00%,others
lionclu,lionsclub,1,0.00%,others
lionsc,lions,1,0.00%,others
lionsclubkilimanjaro,dioceseofmountkilimanjaro,1,0.00%,others
liz,giz,1,0.00%,others
lizad,ifad,1,0.00%,others
longga,kinga,1,0.00%,others
loocip,cip,1,0.00%,others
lotaryinternational,careinternational,1,0.00%,others
lottery,others,1,0.00%,others
louiseelucassala,liuwassa,1,0.00%,others
lualikaima,alia,1,0.00%,others
lucheleguprimaryschool,spcpreprimaryschool,1,0.00%,others
luka,duka,1,0.00%,others
lukesamarasltd,kwamakala,1,0.00%,others
lungwe,longga,1,0.00%,others
lusajo,lisa,1,0.00%,others
m,,1,0.00%,others
ma,ea,1,0.00%,others
maajabupima,kajima,1,0.00%,others
maashumumohamed,ssmohamed,1,0.00%,others
machibyaguma,majimugumu,1,0.00%,others
madaraweshi,madra,1,0.00%,others
madra,adra,1,0.00%,others
maerere,amrefe,1,0.00%,others
mafwimbo,makombo,1,0.00%,others
magani,arabi,1,0.00%,others
magige,dagida,1,0.00%,others
magufoodsecurity,marumbocommunity,1,0.00%,others
magul,abdul,1,0.00%,others
magutumaro,mataro,1,0.00%,others
mahemba,kahema,1,0.00%,others
mahita,masista,1,0.00%,others
majengoprima,maajabupima,1,0.00%,others
majumugumu,majimugumu,1,0.00%,others
makanga,makona,1,0.00%,others
makanyasisalestate,kanisalatag,1,0.00%,others
makapuchini,wamakapuchini,1,0.00%,others
makli,makori,1,0.00%,others
makombo,mafwimbo,1,0.00%,others
makona,makanga,1,0.00%,others
makondakondewaterpopulation,makondewaterpopulation,1,0.00%,others
makonder,makonde,1,0.00%,others
makori,makli,1,0.00%,others
makundya,makanga,1,0.00%,others
makusa,makona,1,0.00%,others
males,malec,1,0.00%,others
maliasili,kalitasi,1,0.00%,others
malola,makona,1,0.00%,others
mamaku,mamad,1,0.00%,others
mamaz,mamad,1,0.00%,others
mambe,mamad,1,0.00%,others
mamvuakakungu,makanga,1,0.00%,others
mandp,adp,1,0.00%,others
mangotree,irangover,1,0.00%,others
manyotaprimaryschool,upendoprimaryschool,1,0.00%,others
manyovuagricultureinstitute,makanyasisalestate,1,0.00%,others
marafin,marafip,1,0.00%,others
marke,mambe,1,0.00%,others
marokyariga,kyariga,1,0.00%,others
marumbocommunity,arabcommunity,1,0.00%,others
masailand,african,1,0.00%,others
masekacommunity,arabcommunity,1,0.00%,others
masese,males,1,0.00%,others
masista,mahita,1,0.00%,others
maswidrillingcoltd,africaoneltd,1,0.00%,others
matataselemani,rajabseleman,1,0.00%,others
matimbwasec,mtibwas,1,0.00%,others
matogoro,mataro,1,0.00%,others
matyenye,balyehe,1,0.00%,others
mayiro,maro,1,0.00%,others
mazarokabula,marokyariga,1,0.00%,others
mbeje,mtewe,1,0.00%,others
mbiusa,makusa,1,0.00%,others
mbonisalehe,salehe,1,0.00%,others
mbozihospital,hospital,1,0.00%,others
mbozisecondaryschool,secondaryschoo,1,0.00%,others
mbuzimawe,mkulima,1,0.00%,others
mbwanaomari,mwalimuomari,1,0.00%,others
mbwiro,mayiro,1,0.00%,others
meco,co,1,0.00%,others
medicine,african,1,0.00%,others
mekobalo,balo,1,0.00%,others
membero,mambe,1,0.00%,others
memberofperliamentahmedali,memberofparliament,1,0.00%,others
meruconcrete,africanrelie,1,0.00%,others
methodistchurch,batistchurch,1,0.00%,church
mfukowajimbo,mafwimbo,1,0.00%,others
mfukowajimbolamagu,mfukowajimbo,1,0.00%,others
mganga,makanga,1,0.00%,others
mgaya,kaaya,1,0.00%,others
mgayamasese,masese,1,0.00%,others
mhchiza,mahita,1,0.00%,others
mhina,dhinu,1,0.00%,others
mhjssumari,magutumaro,1,0.00%,others
mhoranzi,uhoranzi,1,0.00%,others
mhuzu,mkuyu,1,0.00%,others
miab,hiap,1,0.00%,others
mikumig,bukumbi,1,0.00%,others
ministryofagricultura,ministryofeducation,1,0.00%,others
misanageorge,mangotree,1,0.00%,others
misheni,cheni,1,0.00%,others
misrigovernment,ciprogovernment,1,0.00%,others
mitema,idea,1,0.00%,others
mkulima,kajima,1,0.00%,others
mkuluku,mkulima,1,0.00%,others
mkurugenzi,kauzeni,1,0.00%,others
mmanyaabdallah,jamalabdallah,1,0.00%,others
mnyama,mnyambe,1,0.00%,others
mnyambe,mambe,1,0.00%,others
mnyamisijumaa,mnyama,1,0.00%,others
morad,moradi,1,0.00%,others
morrovian,morovian,1,0.00%,others
moses,males,1,0.00%,others
moshonoadp,magomaadp,1,0.00%,others
mosqure,mosque,1,0.00%,others
motibamanyanya,motibawambura,1,0.00%,others
motibawambura,rhobiwambura,1,0.00%,others
mow,co,1,0.00%,others
moyowosibasin,morovian,1,0.00%,others
mpmloka,malola,1,0.00%,others
mrtc,mtc,1,0.00%,others
msdanish,denish,1,0.00%,others
msigw,msigwa,1,0.00%,others
msigwa,msigw,1,0.00%,others
msiki,msabi,1,0.00%,others
msikitimasji,msikitini,1,0.00%,others
msikitini,msikiti,1,0.00%,others
mstiiti,msikiti,1,0.00%,others
msudi,msabi,1,0.00%,others
mtambo,mambe,1,0.00%,others
mtewe,mbeje,1,0.00%,others
muhindi,hindu,1,0.00%,others
muhochikissaka,chachaissame,1,0.00%,others
muislam,islam,1,0.00%,others
muivaru,bumabu,1,0.00%,others
mungaya,mgaya,1,0.00%,others
municipalcouncil,kigomamunicipalcouncil,1,0.00%,local_govt
muniko,mayiro,1,0.00%,others
muslimehefeninternational,compasioninternational,1,0.00%,others
muslimsociety,islamicsociety,1,0.00%,others
muslimusocietyshia,muslimsociety,1,0.00%,others
muslimworld,muslims,1,0.00%,others
muwasa,auwasa,1,0.00%,others
mwakabalula,kwamakala,1,0.00%,others
mwakalinga,makanga,1,0.00%,others
mwakifuna,makona,1,0.00%,others
mwalimumaneromangomuhenzi,mwalimumuhenza,1,0.00%,others
mwalimumuhenza,mwakifuna,1,0.00%,others
mwalimuomari,mbwanaomari,1,0.00%,others
mwamama,kamama,1,0.00%,others
mwamvitarajabu,swaleherajab,1,0.00%,others
mwanaishamwidadi,mbwanaomari,1,0.00%,others
mwanamisially,mwakabalula,1,0.00%,others
mwanza,mganga,1,0.00%,others
mwingereza,magereza,1,0.00%,others
mwinjumamzee,jumanne,1,0.00%,others
mwita,mahita,1,0.00%,others
mwitakichere,mwitamachota,1,0.00%,others
mwitalucas,italian,1,0.00%,others
mwitamachota,mwitamahiti,1,0.00%,others
mwitamahiti,mwitamachota,1,0.00%,others
mwlmwita,mwita,1,0.00%,others
mzeelesilali,mzeeomari,1,0.00%,others
mzeemabena,mahemba,1,0.00%,others
mzeemkungata,mzeengwatu,1,0.00%,others
mzeengwatu,mzeemkungata,1,0.00%,others
mzeesalumbakaridarus,mzeeomari,1,0.00%,others
mzeesh,males,1,0.00%,others
mzeeshindika,muhindi,1,0.00%,others
mzeesmith,mzeesh,1,0.00%,others
mzeewaziritajari,kwamzeewaziri,1,0.00%,others
mzeeyassinnaya,mzeeshindika,1,0.00%,others
mzungu,mzung,1,0.00%,others
namungominers,dmddsolider,1,0.00%,others
nasan,nassan,1,0.00%,others
nassan,nasan,1,0.00%,others
natherland,netherland,1,0.00%,others
natio,nado,1,0.00%,others
nationalpark,nationalrural,1,0.00%,others
nationalruralwb,nationalrural,1,0.00%,others
nazaletchurch,nazarethchurch,1,0.00%,church
nazaleti,ndolezi,1,0.00%,others
ncs,ics,1,0.00%,others
ndm,adb,1,0.00%,others
ndolezi,boazi,1,0.00%,others
ndorobotours,donor,1,0.00%,others
nerthlands,netherlands,1,0.00%,others
netherla,netherland,1,0.00%,others
ngelepogroup,reginagroup,1,0.00%,others
nginila,bilila,1,0.00%,others
ngo,go,1,0.00%,others
ngumi,bgm,1,0.00%,others
nimrodimkonomb,dimon,1,0.00%,others
niponpanoco,pangadeco,1,0.00%,others
njula,juma,1,0.00%,others
nmdcindia,muhindi,1,0.00%,others
noelimahobokela,nyitamboka,1,0.00%,others
noradjapan,noradtassaf,1,0.00%,norad
noradrudep,noradkidep,1,0.00%,norad
norani,moradi,1,0.00%,others
nordic,afric,1,0.00%,others
norplan,norad,1,0.00%,others
norwayaid,norad,1,0.00%,others
noshad,noshadi,1,0.00%,others
noshadi,noshad,1,0.00%,others
nssf,bsf,1,0.00%,others
nyabarongokegoro,kyelamorogoro,1,0.00%,others
nyabibuyeislamiccenter,theislamic,1,0.00%,others
nyabweta,bakwata,1,0.00%,others
nyahale,yaole,1,0.00%,others
nyakahomwita,nyabweta,1,0.00%,others
nyamasagi,dawasa,1,0.00%,others
nyamingusubvillage,ndukuvillage,1,0.00%,others
nyamuhangamaro,magutumaro,1,0.00%,others
nyangere,kagera,1,0.00%,others
nyanzaroad,tanroad,1,0.00%,others
nyeisa,jeica,1,0.00%,others
nyitamboka,mtambo,1,0.00%,others
o,,1,0.00%,others
oakzionandbugangobcommu,kiwandachangozi,1,0.00%,others
obadia,abasia,1,0.00%,others
okutuvillagecommunity,sekeivillagecommunity,1,0.00%,others
oldnyikacompany,kenyanscompany,1,0.00%,others
omarally,marafin,1,0.00%,others
omarrafael,marafin,1,0.00%,others
onedeskonechair,oldonyolengai,1,0.00%,others
opec,cope,1,0.00%,others
orphanage,france,1,0.00%,others
otelobussinesscompany,biofuelcompany,1,0.00%,others
othod,abood,1,0.00%,others
overlandhighschool,governmentschool,1,0.00%,others
overnment,government,1,0.00%,others
ownerpingoc,ringo,1,0.00%,others
oxfarmgb,oxfamgb,1,0.00%,others
padepmifugo,adpmombo,1,0.00%,others
padi,pad,1,0.00%,others
padri,padi,1,0.00%,others
padrik,padri,1,0.00%,others
padrimatayo,laramatak,1,0.00%,others
paffectmwanaindi,actionaid,1,0.00%,others
pagchurch,tagchurch,1,0.00%,church
pancrasi,pankrasi,1,0.00%,others
pangadeco,privateco,1,0.00%,others
pankrasi,pancrasi,1,0.00%,others
panone,none,1,0.00%,others
parastatalan,parastatal,1,0.00%,others
paskali,makli,1,0.00%,others
patrick,padrik,1,0.00%,others
paulosange,panone,1,0.00%,others
pdi,padi,1,0.00%,others
pema,sema,1,0.00%,others
pentecost,pentecostal,1,0.00%,others
pentecostal,pentecost,1,0.00%,others
pentecostalhaganasweeden,pentecostaseela,1,0.00%,others
pentecostaseela,pentecostal,1,0.00%,others
pentekoste,pentecost,1,0.00%,others
peoplefromegypt,peoplefromjapan,1,0.00%,others
peopleofsweden,peopleofjapan,1,0.00%,others
perusibhoke,kerebuka,1,0.00%,others
petermayiro,mayiro,1,0.00%,others
peterngereka,petertesha,1,0.00%,others
petropatrice,patrick,1,0.00%,others
piscop,piscope,1,0.00%,others
piscope,piscop,1,0.00%,others
piusi,missi,1,0.00%,others
piusmsekwa,hesswa,1,0.00%,others
plan,mhan,1,0.00%,others
plantanzania,caltastanzania,1,0.00%,others
polandsecschool,longidosecschool,1,0.00%,others
porilaakibakigosi,serikaliyakijiji,1,0.00%,others
primozunda,iloundp,1,0.00%,others
princemediumschool,eastmerumediumschool,1,0.00%,others
privateco,private,1,0.00%,others
privateindividul,privateindividual,1,0.00%,privateindividual
privateinstitutions,institution,1,0.00%,others
privateperson,privateco,1,0.00%,others
prodap,redap,1,0.00%,others
profsaluati,resolute,1,0.00%,others
pwagu,dwarf,1,0.00%,others
pwc,vwc,1,0.00%,others
quicklw,quick,1,0.00%,others
quickwin,quickwi,1,0.00%,others
quickwinhalmashauri,granahalmashauri,1,0.00%,others
quickwinsscheme,quickwings,1,0.00%,others
qwckwin,qwekwin,1,0.00%,others
qwekwin,qwckwin,1,0.00%,others
r,,1,0.00%,others
rafaelmichael,safaricamp,1,0.00%,others
rajabseleman,matataselemani,1,0.00%,others
rajabuathumani,rajabseleman,1,0.00%,others
ramadhanimmvugalo,ramadhaninyambizi,1,0.00%,others
ramadhaninyambizi,ramadhanimmvugalo,1,0.00%,others
ramsar,aar,1,0.00%,others
raramataki,ilaramataki,1,0.00%,others
rarymondekura,makonder,1,0.00%,others
ras,aar,1,0.00%,others
rashid,hashi,1,0.00%,others
rashidmahongwe,rashidsengombe,1,0.00%,others
rashidsengombe,rashidmahongwe,1,0.00%,others
raurensia,bahresa,1,0.00%,others
rcdwe,dwe,1,0.00%,others
rcmi,cgi,1,0.00%,others
rcmissi,missi,1,0.00%,others
rcmissionary,missionary,1,0.00%,others
rcmofu,cocu,1,0.00%,others
rcmsufi,msudi,1,0.00%,others
rcnjoro,acord,1,0.00%,others
rdws,bhws,1,0.00%,others
redekopdigloria,dedkilo,1,0.00%,others
redet,redep,1,0.00%,others
reginagroup,ngelepogroup,1,0.00%,others
resolutegoldenprideproject,resolutemininggoldenpride,1,0.00%,others
resolutemininggoldenpride,resolutemining,1,0.00%,others
revocatusmahatane,ruvudarajani,1,0.00%,others
rhobi,arabi,1,0.00%,others
rhobiwambura,motibawambura,1,0.00%,others
richardmkyore,tlcsamora,1,0.00%,others
rilayowaterproject,kindorokowaterproject,1,0.00%,others
ringo,kinga,1,0.00%,others
ripati,diwani,1,0.00%,others
robertkampala,robertloyal,1,0.00%,others
robertmosi,robertloyal,1,0.00%,others
rodri,rudri,1,0.00%,others
romamcatholic,romancatholic,1,0.00%,others
romancathoricchurch,romancathoric,1,0.00%,church
rotary,rotaryi,1,0.00%,others
rotaryclubaustralia,rotaryclub,1,0.00%,others
rotaryclubkitchener,rotaryclub,1,0.00%,others
rotaryclubofchicoandmoshi,rotaryclubofusaandmoshi,1,0.00%,others
rotaryclubofusaandmoshi,rotaryclubofchicoandmoshi,1,0.00%,others
rotatyclub,rotaryclub,1,0.00%,others
roteryc,rotary,1,0.00%,others
ruangwalga,mungaya,1,0.00%,others
rudepdwe,rudep,1,0.00%,others
rudepnorad,dwenorad,1,0.00%,norad
rudri,rodri,1,0.00%,others
rumaki,semaki,1,0.00%,others
runda,rada,1,0.00%,others
rural,acra,1,0.00%,others
rusumogamereserve,busogatrust,1,0.00%,others
ruvudarajani,raramataki,1,0.00%,others
rv,dv,1,0.00%,others
rwi,lwi,1,0.00%,others
rwsso,rwssp,1,0.00%,rwssp
sadaqatunjar,laramatak,1,0.00%,others
safaricamp,africa,1,0.00%,others
sagaswe,stgasper,1,0.00%,others
saidhashim,hashi,1,0.00%,others
saidihalfani,saidhashim,1,0.00%,others
saidomari,mzeeomari,1,0.00%,others
saidsalumally,saidihalfani,1,0.00%,others
sakwidi,samweli,1,0.00%,others
salamukita,camavita,1,0.00%,others
salehe,balyehe,1,0.00%,others
salimahmedsalim,halimashauli,1,0.00%,others
salumtambalizeni,caltastanzania,1,0.00%,others
samlo,ballo,1,0.00%,others
samsoni,samlo,1,0.00%,others
samwel,samweli,1,0.00%,others
samweli,samwel,1,0.00%,others
samwelikitana,samweli,1,0.00%,others
samwelimshosha,samwelikitana,1,0.00%,others
sanpellegrino,kapelo,1,0.00%,others
saudia,adra,1,0.00%,others
scharnhorstgymnasium,cartastanzania,1,0.00%,others
scholasticapankrasi,pankrasi,1,0.00%,others
sdachurch,agtchurch,1,0.00%,church
sdp,adp,1,0.00%,others
segeraestate,mweliaestate,1,0.00%,others
seifndago,secondary,1,0.00%,others
sekondari,secondary,1,0.00%,others
selemanmasoud,selemanrashid,1,0.00%,others
selemanrashid,selemanmasoud,1,0.00%,others
selemanseif,selemanrashid,1,0.00%,others
selestinemganga,justinemarwa,1,0.00%,others
selikaliyakijiji,serikaliyakijiji,1,0.00%,others
semaki,semakik,1,0.00%,others
semas,sema,1,0.00%,others
senttho,denat,1,0.00%,others
seram,sema,1,0.00%,others
serian,seram,1,0.00%,others
serikaru,serikari,1,0.00%,others
seronera,serena,1,0.00%,others
shabanidunia,abasia,1,0.00%,others
shamtesaid,wateraid,1,0.00%,others
sharifaathuman,rajabuathumani,1,0.00%,others
shekhe,nethe,1,0.00%,others
shelishelicommission,herimission,1,0.00%,others
shinyangashallowwells,halmashauriwil,1,0.00%,others
shirikalakinamamanawatot,uhaiwamamanamtoto,1,0.00%,others
shuleyamsingi,shuleyamsingiufala,1,0.00%,others
shuleyamsingiufala,shuleyamsingi,1,0.00%,others
shuleyasekondariipuli,shuleyamsingiufala,1,0.00%,others
sido,sida,1,0.00%,others
silindayetu,sindidayetu,1,0.00%,others
silvestershilingi,ilkerivillage,1,0.00%,others
simangokihengu,singasinga,1,0.00%,others
simav,simavi,1,0.00%,others
simbalodge,ecolodge,1,0.00%,others
simone,dimon,1,0.00%,others
simonlusambi,mnyambe,1,0.00%,others
sindidayetu,singidayetu,1,0.00%,others
singsinga,singasinga,1,0.00%,others
sipdo,sido,1,0.00%,others
sisa,lisa,1,0.00%,others
sisaleststehale,parastatal,1,0.00%,others
sissmminghetti,isingiroho,1,0.00%,others
sistermakulata,fpctmulala,1,0.00%,others
siterfransis,sisterfrancis,1,0.00%,others
sizamayengo,karadeango,1,0.00%,others
skumar,juma,1,0.00%,others
sobodo,sabodo,1,0.00%,others
sokolamagomeni,samsoni,1,0.00%,others
songahospi,songas,1,0.00%,others
sophiawazir,chaiwazir,1,0.00%,others
spcpreprimaryschool,upendoprimaryschool,1,0.00%,others
ssmohamed,mamad,1,0.00%,others
stabex,tabea,1,0.00%,others
stafordhigima,safaricamp,1,0.00%,others
stansilaus,stantons,1,0.00%,others
stelizabethmajengo,sizamayengo,1,0.00%,others
stephano,serian,1,0.00%,others
stephanopaulo,stephano,1,0.00%,others
stevennyangarika,laketanganyika,1,0.00%,others
stgasper,sagaswe,1,0.00%,others
stmagrethchurch,nazarethchurch,1,0.00%,church
stpsustainabletan,parastatalan,1,0.00%,others
suasa,suwasa,1,0.00%,others
subvillage,village,1,0.00%,others
sukijang,sunjana,1,0.00%,others
sumo,dmo,1,0.00%,others
sumriy,rudri,1,0.00%,others
sunamco,samlo,1,0.00%,others
sunjana,mungaya,1,0.00%,others
swaleherajab,salehe,1,0.00%,others
sweeden,sweden,1,0.00%,others
swifti,mstiiti,1,0.00%,others
swisstr,swissif,1,0.00%,others
taasaf,tasaf,1,0.00%,tasaf
tabea,tahea,1,0.00%,others
taboma,mboma,1,0.00%,others
tacri,acra,1,0.00%,others
tadeo,tado,1,0.00%,others
taees,taes,1,0.00%,others
taes,taees,1,0.00%,others
tagchurchub,tagchurch,1,0.00%,church
taipo,shipo,1,0.00%,others
tajirijumbelila,africanrelie,1,0.00%,others
tancan,tanap,1,0.00%,others
tancro,tacri,1,0.00%,others
tanedapssociety,islamicsociety,1,0.00%,others
tangacement,pangadeco,1,0.00%,others
tanload,tanroad,1,0.00%,others
tansi,hans,1,0.00%,others
tanzaling,tanzania,1,0.00%,others
tanzaniacompasion,tanzaniaegypt,1,0.00%,others
tanzaniaegypt,tanzania,1,0.00%,others
tanzaniaegypttechnicalcoop,tanzegypttechnicalcoop,1,0.00%,others
tanzaniajourney,tanzania,1,0.00%,others
tanzegypttechnicalcoop,tanzegypttechnicalcooper,1,0.00%,others
tarangirepark,irangover,1,0.00%,others
tareto,ereto,1,0.00%,others
tasa,tasad,1,0.00%,tasaf
tasad,tasa,1,0.00%,tasaf
tasae,tasa,1,0.00%,tasaf
tasaf1,tasaf,1,0.00%,tasaf
tasafandmmem,tasafandlga,1,0.00%,tasaf
tasafii,tassafii,1,0.00%,others
tasaftlc,tasaf,1,0.00%,tasaf
tasf,tasa,1,0.00%,tasaf
tbl,abd,1,0.00%,others
tcrskibondo,sabodo,1,0.00%,tcrs
tcrst,tcrs,1,0.00%,tcrs
tcrsvillagecommunity,villagecommunity,1,0.00%,tcrs
tdrs,tcrs,1,0.00%,tcrs
teamrafiki,tabraki,1,0.00%,others
teonaswambura,rhobiwambura,1,0.00%,others
teresamunyama,theonasmnyama,1,0.00%,others
tgrs,tcrs,1,0.00%,tcrs
tgt,gt,1,0.00%,others
tgz,tgt,1,0.00%,others
theo,chuo,1,0.00%,others
theonasmnyama,teresamunyama,1,0.00%,others
thomasibusigaye,hapasingida,1,0.00%,others
timothyshindika,mzeeshindika,1,0.00%,others
tinaafricare,africare,1,0.00%,others
tingatingasecschool,longidosecschool,1,0.00%,others
tkc,kc,1,0.00%,others
tlccommunity,community,1,0.00%,others
tlcemmanuelkasoga,selemanmasoud,1,0.00%,others
tlcjenusmalecha,tlcjohnmajala,1,0.00%,others
tlcnyengesamasanja,tlcjenusmalecha,1,0.00%,others
tlcsamora,tlcsorri,1,0.00%,others
tlcselemanmangombe,selemanmasoud,1,0.00%,others
tlcsorri,tacri,1,0.00%,others
tlcthimotheomasunga,tlcemmanuelkasoga,1,0.00%,others
torontoestate,mweliaestate,1,0.00%,others
totalandcare,totallandcare,1,0.00%,others
tove,cope,1,0.00%,others
towncouncil,council,1,0.00%,local_govt
tquickwings,quickwings,1,0.00%,others
trach,rcch,1,0.00%,others
trc,irc,1,0.00%,others
tredsp,tredep,1,0.00%,others
treedap,redap,1,0.00%,others
treewaysgerman,acogermany,1,0.00%,others
twendepamoja,tadepa,1,0.00%,others
twice,twe,1,0.00%,others
twig,kwik,1,0.00%,others
tzas,baas,1,0.00%,others
uaacc,aar,1,0.00%,others
ubaloziwajapani,ubaloziwamarekani,1,0.00%,others
umoja,dmo,1,0.00%,others
unhabitat,unpaict,1,0.00%,others
unhcrdanida,danida,1,0.00%,danida
unhcrgovernment,tcrsgovernment,1,0.00%,united_nations
unicecspd,unicefcspd,1,0.00%,united_nations
unicefafricanmuslimagency,africanmuslimagency,1,0.00%,others
uniceg,unice,1,0.00%,united_nations
unicet,unice,1,0.00%,united_nations
unicrf,unicef,1,0.00%,united_nations
uniseg,uniceg,1,0.00%,united_nations
unpaict,undpaict,1,0.00%,others
upendoprimaryschool,spcpreprimaryschool,1,0.00%,others
upperruvu,cper,1,0.00%,others
ur,br,1,0.00%,others
usambalasister,ireveasister,1,0.00%,others
vc,c,1,0.00%,others
veo,bao,1,0.00%,others
vgovernment,government,1,0.00%,others
villagecommuni,villagecommunity,1,0.00%,others
villagecontributio,villlagecontributi,1,0.00%,others
villagecouncilrosekawala,villagecouncil,1,0.00%,local_govt
villageres,villagers,1,0.00%,others
villagersmpi,villagers,1,0.00%,others
villages,village,1,0.00%,others
villagewatercommission,villagecommuni,1,0.00%,others
villegecouncil,villagecouncil,1,0.00%,local_govt
villegers,villagers,1,0.00%,others
villlagecontributi,villagecontributio,1,0.00%,others
vn,in,1,0.00%,others
vw,dw,1,0.00%,others
vwcvc,vwcvwc,1,0.00%,others
vwcvwc,vwcvc,1,0.00%,others
vwt,dwt,1,0.00%,others
wafidhiwaziwat,ahmadia,1,0.00%,others
waheke,kahema,1,0.00%,others
wahidi,dadid,1,0.00%,others
waitaliano,italian,1,0.00%,others
wamakapuchini,makapuchini,1,0.00%,others
wamarekani,wajerumani,1,0.00%,others
wamembiki,mahemba,1,0.00%,others
wamisionariwakikatoriki,wamissionariwakikatoriki,1,0.00%,others
wamissionariwakikatoriki,wamisionariwakikatoriki,1,0.00%,others
wanakijiji,kijiji,1,0.00%,others
wanginyiwater,finiwater,1,0.00%,others
wards,dads,1,0.00%,others
warento,tareto,1,0.00%,others
wateraiddwe,wateraid,1,0.00%,others
waterauthority,wateraid,1,0.00%,others
waterdepartment,ruralwaterdepartment,1,0.00%,others
waterse,water,1,0.00%,others
watersema,waterse,1,0.00%,others
watuwamarekani,wamarekani,1,0.00%,others
wbk,wb,1,0.00%,others
wcst,wcs,1,0.00%,others
wdp,adp,1,0.00%,others
wdsp,dsp,1,0.00%,others
weepers,peters,1,0.00%,others
wfdp,afdp,1,0.00%,others
williamacleus,villaers,1,0.00%,others
wilson,dimon,1,0.00%,others
winkyens,concen,1,0.00%,others
wirarayamaji,idarayamaji,1,0.00%,others
womenfopartnership,womenforpartnership,1,0.00%,others
worldbankgovernment,belgiangovernment,1,0.00%,worldbank
worldvisionrcchurch,worldvisionadra,1,0.00%,worldvision
woyege,college,1,0.00%,others
wsdo,wsdp,1,0.00%,others
wugandded,wuaandded,1,0.00%,others
wwffores,bffs,1,0.00%,others
yaole,ballo,1,0.00%,others
yasinaini,yasini,1,0.00%,others
yasini,dasiip,1,0.00%,others
yasiniselemani,matataselemani,1,0.00%,others
zaburiandneig,africanrelie,1,0.00%,others
zao,bao,1,0.00%,others
zaowaterspringx,zaowaterspring,1,0.00%,others
zinduka,benguka,1,0.00%,others
zingibalisecondary,kagungulisecondary,1,0.00%,others
