installer_uniq,installer_closest,installer_counts,installer_counts_pct,installer_imputed
dwe,dawe,17428,29.34%,dwe
,0,3658,6.16%,unknown
government,governmen,1891,3.18%,government
hesawa,esawa,1395,2.35%,hesawa
rwe,dwe,1206,2.03%,rwe
commu,cocu,1065,1.79%,community
danida,danda,1050,1.77%,danida
districtcouncil,districtcounci,965,1.62%,local_govt
kkkt,kkt,910,1.53%,kkkt
0,,777,1.31%,unknown
centralgovernment,cebtralgovernment,763,1.28%,government
tcrs,crs,707,1.19%,tcrs
worldvision,worldvisiin,699,1.18%,worldvision
danid,daniad,624,1.05%,danida
ces,ce,610,1.03%,others
community,communit,555,0.93%,community
gover,gove,511,0.86%,government
amref,amec,443,0.75%,others
tasaf,tasa,416,0.70%,others
lga,ga,413,0.70%,others
wedeco,wadeco,398,0.67%,others
finiwater,finnwater,389,0.65%,others
dmdd,dmmd,376,0.63%,others
norad,nirad,366,0.62%,others
twesa,twess,316,0.53%,others
da,d,308,0.52%,others
wu,ju,301,0.51%,others
acra,accra,278,0.47%,others
sema,cefa,249,0.42%,others
dw,d,248,0.42%,others
kiliwater,kiliwaterr,248,0.42%,others
jaica,gaica,239,0.40%,others
oxfam,oxfarm,234,0.39%,others
unicef,unicrf,234,0.39%,others
shipo,ship,233,0.39%,others
idarayamaji,wizarayamaji,223,0.38%,others
gove,gover,222,0.37%,government
villagers,villaers,221,0.37%,others
sengeremawaterdepartment,lindiruralwaterdepartment,218,0.37%,others
finw,dina,208,0.35%,others
rcchurch,rcchurc,205,0.35%,others
dh,ch,202,0.34%,others
mwe,dwe,197,0.33%,others
kuwait,kuwaiti,195,0.33%,others
wateraid,wateraids,194,0.33%,others
dwsp,dasp,192,0.32%,others
distri,diwani,181,0.30%,others
rc,ac,181,0.30%,others
lawatefukawatersup,lawatefukawatersu,180,0.30%,others
magadinimakiwaruwa,mamakapwapwa,179,0.30%,others
fw,dw,173,0.29%,others
districtwaterdepartment,districwaterdepartment,167,0.28%,others
kkktkondeanddwe,kkktcanal,166,0.28%,dwe
centr,contr,162,0.27%,others
private,privat,162,0.27%,others
wvt,wvc,158,0.27%,others
handenitrunkmain,anglikan,157,0.26%,others
is,ics,156,0.26%,others
finwater,finiwater,153,0.26%,others
worldbank,wordbank,153,0.26%,others
wananchi,wanan,151,0.25%,others
rwssp,rssp,149,0.25%,others
jica,jaica,141,0.24%,others
centralgovt,centragovt,138,0.23%,others
adra,acra,135,0.23%,others
artisan,arisan,135,0.23%,others
isf,bsf,135,0.23%,others
adracommunity,arabcommunity,132,0.22%,others
mission,missio,130,0.22%,others
ddca,dcca,126,0.21%,others
he,ce,125,0.21%,others
world,word,125,0.21%,others
tardo,dardo,123,0.21%,others
ir,ar,122,0.21%,others
consultingengineer,consutingengineer,119,0.20%,others
twe,dwe,111,0.19%,others
villagecouncil,villagecounil,108,0.18%,local_govt
muwsa,musa,107,0.18%,others
ded,de,105,0.18%,others
wizarayamaji,idarayamaji,103,0.17%,others
halmashauriyawilayasikonge,halmashauriyawilaya,102,0.17%,others
hsw,sw,100,0.17%,others
go,co,98,0.16%,others
unisef,unicef,98,0.16%,others
angli,ai,97,0.16%,others
ki,ai,97,0.16%,others
oxfarm,oxfam,96,0.16%,others
roman,roma,94,0.16%,others
oikoseafrica,oikoseafrika,93,0.16%,others
vwc,vc,91,0.15%,others
cefa,ce,90,0.15%,others
missi,missio,87,0.15%,others
h,,86,0.14%,others
aict,act,84,0.14%,others
mdrdp,mdrd,84,0.14%,others
waterboard,waterboards,83,0.14%,others
wateraidsema,wateraids,82,0.14%,others
localtechnician,localltechnician,79,0.13%,others
regionwaterdepartment,waterdepartment,78,0.13%,others
chamavita,mahita,75,0.13%,others
water,inter,72,0.12%,others
lwi,lei,71,0.12%,others
wa,da,70,0.12%,others
kkktchurch,fpctchurch,69,0.12%,kkkt
gtz,ga,66,0.11%,others
dawasco,dawasa,65,0.11%,others
mtn,mtc,65,0.11%,others
villa,vill,65,0.11%,others
tassaf,tasaf,64,0.11%,others
ncaa,acra,63,0.11%,others
losaakiawatersupp,losakiawatersuppl,62,0.10%,others
lvia,alia,60,0.10%,others
wachina,china,60,0.10%,others
janduplumberco,magutumaro,59,0.10%,others
rcch,rcc,57,0.10%,others
wanan,japan,57,0.10%,others
co,c,55,0.09%,others
gen,ce,55,0.09%,others
rdc,idc,55,0.09%,others
tlc,lc,55,0.09%,others
communit,community,54,0.09%,others
dhv,dh,54,0.09%,others
priva,prima,54,0.09%,others
st,s,54,0.09%,others
pr,ar,53,0.09%,others
rwedwe,dwe,53,0.09%,dwe
localte,local,52,0.09%,others
cdtf,cdt,50,0.08%,others
districtwaterdepar,districtwaterdepartment,46,0.08%,others
ka,da,46,0.08%,others
local,localte,46,0.08%,others
miziriol,mayiro,46,0.08%,others
mlade,ad,46,0.08%,others
planinternationa,planinternational,46,0.08%,others
shawasa,shuwasa,45,0.08%,others
solidame,solidarm,45,0.08%,others
ga,da,42,0.07%,others
redcross,recoda,42,0.07%,others
tdft,cdt,42,0.07%,others
cbhcc,ccec,41,0.07%,others
notknown,notkno,41,0.07%,others
concern,concen,40,0.07%,others
grumeti,grumenti,39,0.07%,others
kuwasa,auwasa,38,0.06%,others
do,co,37,0.06%,others
jbg,abd,37,0.06%,others
shybuilders,cfbuilders,37,0.06%,others
tanapa,tanap,37,0.06%,others
kidp,kadp,36,0.06%,others
bsf,isf,35,0.06%,others
ch,c,35,0.06%,others
mbiuwasa,mbiusa,35,0.06%,others
hapasingida,hamisifidia,34,0.06%,others
tanzaniagovernment,tanzaniangovernment,34,0.06%,government
finnwater,finiwater,33,0.06%,others
kkt,kk,33,0.06%,kkkt
ma,da,33,0.06%,others
msabi,miab,33,0.06%,others
muwasa,auwasa,33,0.06%,others
padep,adap,33,0.06%,others
si,ai,33,0.06%,others
w,,33,0.06%,others
kiuma,juma,32,0.05%,others
tuwasa,auwasa,32,0.05%,others
vtecos,vitecos,32,0.05%,others
wb,w,32,0.05%,others
cons,boni,31,0.05%,others
holland,holand,31,0.05%,others
localcontract,ampcontract,31,0.05%,others
rwecommunity,arabcommunity,31,0.05%,rwe
thedeskandchairfoundat,deskandchairfoundation,31,0.05%,others
totallandcare,totolandcare,31,0.05%,others
accra,acra,30,0.05%,others
happywatotofoundation,bingofoundation,30,0.05%,others
kaemp,kaem,30,0.05%,others
kalta,kata,30,0.05%,others
kokeni,boni,30,0.05%,others
abasia,obadia,29,0.05%,others
af,ac,29,0.05%,others
ccec,amec,29,0.05%,others
marafip,marafin,29,0.05%,others
po,co,29,0.05%,others
swissif,missi,29,0.05%,others
gwascol,gwasco,28,0.05%,others
rhobi,rhoda,28,0.05%,others
villagecommunity,dadsvillagecommunity,28,0.05%,others
wdandid,danid,28,0.05%,others
cjejowconstruction,mkonconstruction,27,0.05%,others
cocane,care,27,0.05%,others
ereto,eeto,27,0.05%,others
govern,gover,27,0.05%,government
hwrc,cgrc,27,0.05%,others
un,in,27,0.05%,others
activemkm,activekmk,26,0.04%,others
besada,besado,26,0.04%,others
individuals,individual,26,0.04%,others
jika,jica,26,0.04%,others
mi,ai,26,0.04%,others
hans,chani,25,0.04%,others
ics,icf,25,0.04%,others
ifad,ad,25,0.04%,others
juinco,juineco,25,0.04%,others
kilwater,kiliwater,25,0.04%,others
serikali,selikali,25,0.04%,others
tanplantltd,finland,25,0.04%,others
tawasa,dawasa,25,0.04%,others
careinternational,planinternational,24,0.04%,others
cmsr,cast,24,0.04%,others
geotan,german,24,0.04%,others
kalitasi,kalitesi,24,0.04%,others
mileniamproject,kamataproject,24,0.04%,others
nyakilanganico,nyakilangani,24,0.04%,others
pet,act,24,0.04%,others
ridep,redep,24,0.04%,others
wo,co,24,0.04%,others
wwf,ww,24,0.04%,others
ce,c,23,0.04%,others
halmashauri,halmashauli,23,0.04%,others
ilct,elct,23,0.04%,others
korogwewaterworks,ardhiwaterwells,23,0.04%,others
kyashaenterpr,kyashaentrepr,23,0.04%,others
mtuwasa,muwasa,23,0.04%,others
ta,da,23,0.04%,others
tredep,redep,23,0.04%,others
vifafi,vifaf,23,0.04%,others
cosmo,commu,22,0.04%,others
fathe,luthe,22,0.04%,others
hydrotec,dydrotec,22,0.04%,others
ndandamissions,neemiamission,22,0.04%,others
rcchurchcefa,rcchurch,22,0.04%,others
sabodo,abd,22,0.04%,others
singidayetu,shingidayetu,22,0.04%,others
udcsema,sema,22,0.04%,others
bgm,ggm,21,0.04%,others
ciprogovernment,misrigovernment,21,0.04%,government
consutingengineer,consultingengineer,21,0.04%,others
jicks,jacks,21,0.04%,others
maswicompany,masucompany,21,0.04%,others
nora,norad,21,0.04%,others
savetherainusa,savetherain,21,0.04%,others
islamic,islam,20,0.03%,others
kadp,adp,20,0.03%,others
killfloracommunity,igololacommunity,20,0.03%,others
makondewaterpopulation,makondewatersupply,20,0.03%,others
sekeivillagecommunity,dadsvillagecommunity,20,0.03%,others
adp,ad,19,0.03%,others
cg,c,19,0.03%,others
kimkimconstruction,mkonconstruction,19,0.03%,others
kuamu,adam,19,0.03%,others
orien,green,19,0.03%,others
p,,19,0.03%,others
planint,panone,19,0.03%,others
rudep,redep,19,0.03%,others
sowasa,suwasa,19,0.03%,others
efg,ef,18,0.03%,others
idydc,idc,18,0.03%,others
majimugumu,majmugumu,18,0.03%,others
ministryofwater,finiwater,18,0.03%,others
naishuconstructioncoltd,nandraconstruction,18,0.03%,others
rotaryclub,roteryc,18,0.03%,others
chur,chuo,17,0.03%,others
citizenengine,chinese,17,0.03%,others
dads,dadis,17,0.03%,others
goldstar,goldmain,17,0.03%,others
mbunge,mzung,17,0.03%,others
mkuyu,makuru,17,0.03%,others
quwkwin,qukwin,17,0.03%,others
sumbaw,simba,17,0.03%,others
tanz,tanza,17,0.03%,others
tasafdmdd,tasaf,17,0.03%,others
ukilig,kilol,17,0.03%,others
bruder,rude,16,0.03%,others
finlandgovernment,villagegovernment,16,0.03%,government
grobalresourcealliance,globalresourceco,16,0.03%,others
isfgovernment,government,16,0.03%,government
livi,lei,16,0.03%,others
ruthe,luthe,16,0.03%,others
sda,da,16,0.03%,others
shule,chela,16,0.03%,others
ja,da,15,0.03%,others
mackd,jacks,15,0.03%,others
msf,bsf,15,0.03%,others
petcorporationltd,petcoporationltd,15,0.03%,others
regionalwater,regionwater,15,0.03%,others
tahea,kahema,15,0.03%,others
thei,theo,15,0.03%,others
tpptrustmoshi,robertmosi,15,0.03%,others
usembassy,usaembassy,15,0.03%,others
wfp,wdp,15,0.03%,others
ad,abd,14,0.02%,others
adpbusangi,napupanga,14,0.02%,others
fpct,act,14,0.02%,others
konoike,boni,14,0.02%,others
livingwaterinternational,careinternational,14,0.02%,others
maswi,hashi,14,0.02%,others
mw,dw,14,0.02%,others
nandraconstruction,mandiaconstruction,14,0.02%,others
olgilaivillagecommunity,oldadaivillagecommunity,14,0.02%,others
qwickwin,quickwins,14,0.02%,others
rcchurc,rcchurch,14,0.02%,others
rcchurchcentralgover,rcchurchbrother,14,0.02%,others
romanchurch,morovianchurch,14,0.02%,others
rw,dw,14,0.02%,rwe
sao,bao,14,0.02%,others
sialtd,lvaltd,14,0.02%,others
villag,villa,14,0.02%,others
benguka,buguba,13,0.02%,others
canop,cap,13,0.02%,others
districtcounci,districtcouncil,13,0.02%,local_govt
halmashauriyamanispatabora,halmashauriyamburu,13,0.02%,others
inter,inves,13,0.02%,others
isftacare,msftacare,13,0.02%,others
kiliflora,bilila,13,0.02%,others
mamad,mamaz,13,0.02%,others
mpang,mianz,13,0.02%,others
msftacare,isftacare,13,0.02%,others
mviwa,lvia,13,0.02%,others
phase,care,13,0.02%,others
rwsp,dwsp,13,0.02%,others
saxon,sao,13,0.02%,others
theisla,chela,13,0.02%,others
waterprojectmbawalachini,wateraidmajitech,13,0.02%,others
wouldbank,worldbank,13,0.02%,others
wsdp,asdp,13,0.02%,others
canadanatanzania,cartastanzania,12,0.02%,others
conce,concen,12,0.02%,others
consultant,semaconsultant,12,0.02%,others
cosmosengineering,makeengineering,12,0.02%,others
daldo,dardo,12,0.02%,others
dwr,dw,12,0.02%,others
ham,ha,12,0.02%,others
jeica,jaica,12,0.02%,others
lutheranchurch,anglicanchurch,12,0.02%,others
mosque,mosqure,12,0.02%,others
msikiti,msikit,12,0.02%,others
prf,pr,12,0.02%,others
rcc,rc,12,0.02%,others
runduman,rundaga,12,0.02%,others
secondary,sekondari,12,0.02%,others
unhcr,unicrf,12,0.02%,others
vill,villa,12,0.02%,others
worldvission,worldvision,12,0.02%,worldvision
ai,ac,11,0.02%,others
ardhiwaterwell,ardhiwaterwells,11,0.02%,others
consultantengineer,consultingengineer,11,0.02%,others
dak,da,11,0.02%,others
exaudmsambwa,adamkea,11,0.02%,others
karugendo,kalugendo,11,0.02%,others
mlappro,maro,11,0.02%,others
pidp,kidp,11,0.02%,others
songas,songa,11,0.02%,others
aic,ac,10,0.02%,others
atighbuildings,cfbuilders,10,0.02%,others
auwasa,kuwasa,10,0.02%,others
chinahenancontractor,chinahenanconstuction,10,0.02%,others
d,,10,0.02%,others
drmatomola,drmatobola,10,0.02%,others
gain,ai,10,0.02%,others
gwaseco,gwasco,10,0.02%,others
hapa,hpa,10,0.02%,others
idea,udea,10,0.02%,others
japan,hapa,10,0.02%,others
kkktdiocesyapare,kkktcanal,10,0.02%,kkkt
kmcl,jmc,10,0.02%,others
kwikwiz,qwickwin,10,0.02%,others
lamp,adp,10,0.02%,others
mamlakayamajingara,idarayamaji,10,0.02%,others
milenia,mileniam,10,0.02%,others
morovianchurch,romanchurch,10,0.02%,others
nice,aic,10,0.02%,others
redep,redap,10,0.02%,others
rips,lips,10,0.02%,others
romancathoricsame,romancatholic,10,0.02%,others
serikaliyakijiji,serikali,10,0.02%,others
sijm,si,10,0.02%,others
songa,songas,10,0.02%,others
sulemanidd,bemanda,10,0.02%,others
suwasa,auwasa,10,0.02%,others
tag,ta,10,0.02%,others
twesacommunity,rwecommunity,10,0.02%,others
villagegovernment,finlandgovernment,10,0.02%,government
actioncontrelafaim,actionaid,9,0.02%,others
activetankco,activetankcoltd,9,0.02%,others
adragovernment,tcrsgovernment,9,0.02%,government
aimgold,acord,9,0.02%,others
ampcontractor,ampcontract,9,0.02%,others
cartas,caltas,9,0.02%,others
cct,act,9,0.02%,others
china,mchina,9,0.02%,others
concerngovernment,centragovernment,9,0.02%,government
europeanunion,petropatrice,9,0.02%,others
germanymissionary,germanmissionsry,9,0.02%,others
healt,act,9,0.02%,others
idara,adra,9,0.02%,others
ikelawa,esawa,9,0.02%,others
kalagoenterprisescoltd,rilayowaterproject,9,0.02%,others
kalumbwa,kaembe,9,0.02%,others
kilwacompany,regwacompany,9,0.02%,others
ministryofwaterengineer,ministryofwater,9,0.02%,others
mlakico,maswico,9,0.02%,others
mzingaa,kinga,9,0.02%,others
no,co,9,0.02%,others
regionalwaterengineerarusha,regionalwater,9,0.02%,others
romancatholic,rccathoric,9,0.02%,others
romancatholicrulengediocese,romancathorickilomeni,9,0.02%,others
singidageneralsuppliesltd,bonitebottlesltd,9,0.02%,others
ubaloziwamarekani,dweubaloziwamarekani,9,0.02%,others
ubung,mbunge,9,0.02%,others
victoria,distri,9,0.02%,others
williamsondiamondltd,williamacles,9,0.02%,others
angrikana,anglikana,8,0.01%,others
belgiamgovernment,britishgovernment,8,0.01%,government
br,ar,8,0.01%,others
bulyahunlugoldmine,tulawakagoldmine,8,0.01%,others
contr,centr,8,0.01%,others
coun,counc,8,0.01%,others
council,counc,8,0.01%,local_govt
dadsvillagecommunity,tcrsvillagecommunity,8,0.01%,local_govt
duwas,auwasa,8,0.01%,others
germany,german,8,0.01%,others
iec,idc,8,0.01%,others
institution,insititutiona,8,0.01%,others
mdalacontractor,mwakicontractor,8,0.01%,others
moroil,morovi,8,0.01%,others
pci,ac,8,0.01%,others
pitcooperationltd,petcoporationltd,8,0.01%,others
rcmission,mission,8,0.01%,others
redeso,redep,8,0.01%,others
rhoda,oda,8,0.01%,others
romancathorickilomeni,romancathoricsame,8,0.01%,others
saxonbuildingcontractor,saxonbuildingcontractors,8,0.01%,others
tltc,tlc,8,0.01%,others
village,villag,8,0.01%,others
villagegovt,village,8,0.01%,others
wua,sua,8,0.01%,others
baric,aic,7,0.01%,others
cosmosengltd,communit,7,0.01%,others
dct,act,7,0.01%,others
drmatobola,drmatomola,7,0.01%,others
el,dl,7,0.01%,others
kanisa,danida,7,0.01%,others
kigomamunicipal,municipal,7,0.01%,others
ktac,ac,7,0.01%,others
lawatefukawatersu,lawatefukawatersup,7,0.01%,others
lvaltd,sialtd,7,0.01%,others
mackdonaldcontractor,mackdonaldcontrsctor,7,0.01%,others
makonde,makoye,7,0.01%,others
mianz,miab,7,0.01%,others
mileniam,milenia,7,0.01%,others
ms,is,7,0.01%,others
mws,ms,7,0.01%,others
rude,rudep,7,0.01%,others
sangeadistrictcoun,songeadistrictcoun,7,0.01%,others
sauwasa,auwasa,7,0.01%,others
savetherain,savetherainusa,7,0.01%,others
semacoltd,altaicoltd,7,0.01%,others
simbaco,simba,7,0.01%,others
summitforwatercommunity,sekeivillagecommunity,7,0.01%,others
villagecouncilorpha,villagecounciloda,7,0.01%,local_govt
adb,ad,6,0.01%,others
africa,africam,6,0.01%,others
africandevelopmentfoundation,africanreflectionsfoundation,6,0.01%,others
ampcontract,ampcontracts,6,0.01%,others
ampcontracts,ampcontract,6,0.01%,others
anglicanchurch,anglicachurch,6,0.01%,others
centalgovernment,centralgovernment,6,0.01%,government
ciprocaretcrs,ciprocare,6,0.01%,tcrs
clauseworkers,nasanworkers,6,0.01%,others
dardo,daldo,6,0.01%,others
dasip,dasp,6,0.01%,others
islam,islamic,6,0.01%,others
kimkum,kumkum,6,0.01%,others
lench,centr,6,0.01%,others
majiblock,majitech,6,0.01%,others
manyaraconstruction,makamaconstruction,6,0.01%,others
mboma,miomb,6,0.01%,others
mida,cida,6,0.01%,others
muslims,mkulima,6,0.01%,others
mzungupaul,mzungu,6,0.01%,others
nanracontractor,ampcontractor,6,0.01%,others
re,ce,6,0.01%,others
sanjewa,hanja,6,0.01%,others
scott,acord,6,0.01%,others
secondaryschool,mbozisecondaryschool,6,0.01%,others
shuwasa,sauwasa,6,0.01%,others
songeadistrictcoun,sangeadistrictcoun,6,0.01%,others
villager,village,6,0.01%,others
wanjoda,danda,6,0.01%,others
wedecowessons,wedeco,6,0.01%,others
yumbakaengineering,makeengineering,6,0.01%,others
amboniplantation,bingofoundation,5,0.01%,others
atlascompany,kilwacompany,5,0.01%,others
bffs,bgss,5,0.01%,others
bilila,villa,5,0.01%,others
biore,acord,5,0.01%,others
cebtralgovernment,centralgovernment,5,0.01%,government
chiko,china,5,0.01%,others
church,churc,5,0.01%,others
consultantanddwe,consultant,5,0.01%,dwe
counc,coun,5,0.01%,local_govt
cpro,cipro,5,0.01%,others
cspd,cap,5,0.01%,others
dbspe,dbfpe,5,0.01%,others
deskc,deska,5,0.01%,others
ea,da,5,0.01%,others
elct,elca,5,0.01%,others
gaica,jaica,5,0.01%,others
gidacontractor,lindicontractor,5,0.01%,others
governme,governmen,5,0.01%,government
greec,green,5,0.01%,others
idc,iec,5,0.01%,others
jeshilawokovu,jeshilawokovucida,5,0.01%,others
jlhcoltd,jhlcoltd,5,0.01%,others
kanisakatoliki,kanisalatag,5,0.01%,others
kashwa,hasawa,5,0.01%,others
kinapa,kinga,5,0.01%,others
kirdep,kidp,5,0.01%,others
kktc,kkt,5,0.01%,kkkt
linda,cida,5,0.01%,others
localtechnicaltec,localtechnical,5,0.01%,others
luthe,ruthe,5,0.01%,others
makamaconstruction,mandiaconstruction,5,0.01%,others
masjid,maswi,5,0.01%,others
maswidrill,maswidrilling,5,0.01%,others
mem,mgm,5,0.01%,others
mgm,bgm,5,0.01%,others
mombourbanwaters,mombourbanwater,5,0.01%,others
musa,muwsa,5,0.01%,others
obc,abd,5,0.01%,others
oikoseafrika,oikoseafrica,5,0.01%,others
pata,kata,5,0.01%,others
planinternational,planinternationa,5,0.01%,others
rished,misheni,5,0.01%,others
rundaga,mungaya,5,0.01%,others
stph,sdp,5,0.01%,others
tabraki,taasi,5,0.01%,others
tanap,tanapa,5,0.01%,others
tanzania,tanapa,5,0.01%,others
tassaftcrs,tasaftlc,5,0.01%,tcrs
tcrscare,africare,5,0.01%,tcrs
tcrstlc,tcrs,5,0.01%,tcrs
tcrstwesa,icftwesa,5,0.01%,tcrs
tnkarugendo,karugendo,5,0.01%,others
trachoma,chacha,5,0.01%,others
tridep,ridep,5,0.01%,others
trust,cast,5,0.01%,others
tulawakagoldmine,bulyahunlugoldmine,5,0.01%,others
tumainifund,grumetifund,5,0.01%,others
victoriacompany,kilwacompany,5,0.01%,others
victoriadrillco,victoriadrill,5,0.01%,others
wasso,gwasco,5,0.01%,others
wcs,ics,5,0.01%,others
we,ce,5,0.01%,others
aar,ar,4,0.01%,others
adap,adam,4,0.01%,others
atisan,arisan,4,0.01%,others
australia,ustawi,4,0.01%,others
bridgenorth,bruder,4,0.01%,others
caltas,caltus,4,0.01%,others
caltus,caltas,4,0.01%,others
cartastanzania,canadanatanzania,4,0.01%,others
cast,act,4,0.01%,others
concen,conce,4,0.01%,others
dee,de,4,0.01%,others
dioceseofgeita,oikoseafrica,4,0.01%,others
efam,efarm,4,0.01%,others
freepentecostechurchoftanz,pentecostchurch,4,0.01%,others
geochaina,china,4,0.01%,others
grumetisingita,gurumetisagita,4,0.01%,others
hiap,adap,4,0.01%,others
howardandhumfreyconsultant,howardandhumfreyconsultants,4,0.01%,others
in,ir,4,0.01%,others
individual,individuals,4,0.01%,others
ireveasister,greinaker,4,0.01%,others
issacmollel,samwel,4,0.01%,others
jaicaco,jaica,4,0.01%,others
juin,gain,4,0.01%,others
kk,k,4,0.01%,others
koica,gaica,4,0.01%,others
kowi,cowi,4,0.01%,others
localfundi,local,4,0.01%,others
localltechnician,localtechnician,4,0.01%,others
loliondoparish,kilimarondoparish,4,0.01%,others
longidosecschool,mwlnyereresecschool,4,0.01%,others
losakiawatersuppl,losakiawatersupply,4,0.01%,others
maendeleoyajamii,twesajamii,4,0.01%,others
majitech,carmatech,4,0.01%,others
majitechconstruction,makamaconstruction,4,0.01%,others
makondewatersupply,holiliwatersupply,4,0.01%,others
marti,amari,4,0.01%,others
mbozidistrictcouncil,mbuludistrictcouncil,4,0.01%,local_govt
mombourbanwater,mombourbanwaters,4,0.01%,others
msikit,msiki,4,0.01%,others
mwangatownwaterauthority,waterauthority,4,0.01%,others
nyamongogoldmining,mmggoldmine,4,0.01%,others
ola,oda,4,0.01%,others
oldonyolengai,olomoloki,4,0.01%,others
patuu,pata,4,0.01%,others
peoplep,george,4,0.01%,others
quickwinproject,mileniamproject,4,0.01%,others
romanca,roman,4,0.01%,others
ruangwacontractor,nanracontractor,4,0.01%,others
ruralwatersupply,holiliwatersupply,4,0.01%,others
salehzaharani,caltazkahama,4,0.01%,others
school,schoo,4,0.01%,others
serengetidistrictconcil,mbozidistrictcouncil,4,0.01%,others
t,,4,0.01%,others
taboramunicipalcouncil,municipalcouncil,4,0.01%,local_govt
tanzakesho,tanesco,4,0.01%,others
tanzaniangovernment,tanzaniagovernment,4,0.01%,government
tanzegypttechnicalcoopera,tanzaniaegypttechnicalcoop,4,0.01%,others
tcrskibondo,sabodo,4,0.01%,tcrs
tgts,tgt,4,0.01%,others
totolandcare,totallandcare,4,0.01%,others
uhaiwamamanamtoto,hamismakombo,4,0.01%,others
umojadrilling,maswidrilling,4,0.01%,others
unknown,notknown,4,0.01%,others
unone,panone,4,0.01%,others
villagecounil,villagecouncil,4,0.01%,others
vttp,tmp,4,0.01%,others
wassocompanies,masucompany,4,0.01%,others
waterdepartment,regionwaterdepartment,4,0.01%,others
wd,ad,4,0.01%,others
worldbanks,worldbank,4,0.01%,others
zachariamtn,arrian,4,0.01%,others
acord,accra,3,0.01%,others
africaislamicagencytanzania,islamicagencytanzania,3,0.01%,others
ardhiinstute,dhinu,3,0.01%,others
belgij,engin,3,0.01%,others
bobby,boazi,3,0.01%,others
britishcolonialgovernment,colonialgovernment,3,0.01%,government
buguba,buruba,3,0.01%,others
buildingworkscompanyltd,buildingworksengineeringltd,3,0.01%,others
caritas,cartas,3,0.01%,others
cheni,chani,3,0.01%,others
ciprocare,africare,3,0.01%,others
cjejow,cjej0,3,0.01%,others
cobashec,camartec,3,0.01%,others
colonialgovernment,centalgovernment,3,0.01%,government
dbfpe,dbspe,3,0.01%,others
dhinu,china,3,0.01%,others
diwani,chani,3,0.01%,others
eliza,elina,3,0.01%,others
engin,ongan,3,0.01%,others
enyueti,enyuati,3,0.01%,others
f,,3,0.01%,others
floresta,bahresa,3,0.01%,others
furahiatrading,britain,3,0.01%,others
gachumaginery,athumaniissa,3,0.01%,others
geitagoldmain,goldmain,3,0.01%,others
goverm,gover,3,0.01%,government
gra,bra,3,0.01%,others
greinaker,greineker,3,0.01%,others
ha,da,3,0.01%,others
halmashauli,halimashauli,3,0.01%,others
halmashauriquickwinproject,quickwinproject,3,0.01%,others
halmashauriyamburu,halmashauriyawilaya,3,0.01%,others
halmashauriyawilaya,halmashauriwilaya,3,0.01%,others
hindu,dhinu,3,0.01%,others
hospi,hashi,3,0.01%,others
hydomluthelani,lutheran,3,0.01%,others
ifakara,idara,3,0.01%,others
indi,india,3,0.01%,others
inves,inter,3,0.01%,others
italygovernment,italiangovernment,3,0.01%,government
japanembassy,usaembassy,3,0.01%,others
kaembe,kaem,3,0.01%,others
kaluwike,kalumbwa,3,0.01%,others
kerebuka,benguka,3,0.01%,others
kibahatowncouncil,villagecouncil,3,0.01%,local_govt
kmt,kkt,3,0.01%,kkkt
kobergcontractor,mremicontractor,3,0.01%,others
kyashaentrepr,kyashaenterpr,3,0.01%,others
l,,3,0.01%,others
lgcdg,cdt,3,0.01%,others
lindalaco,linda,3,0.01%,others
lions,cons,3,0.01%,others
lutheran,luthe,3,0.01%,others
makeengineering,yumbakaengineering,3,0.01%,others
maswidrilling,maswidrill,3,0.01%,others
maziinvestment,misrigovernment,3,0.01%,government
mchome,makoye,3,0.01%,others
mchuk,chuo,3,0.01%,others
mhkapuya,hapa,3,0.01%,others
milenium,mileniam,3,0.01%,others
minjingu,inkinda,3,0.01%,others
miomb,mboma,3,0.01%,others
mtuwasaandcommunity,tasafandcomunity,3,0.01%,others
mwakicontractor,mwakicontracto,3,0.01%,others
nassorfehed,acord,3,0.01%,others
ndukuvillage,subvillage,3,0.01%,others
ng,cg,3,0.01%,others
ngiresivillagecommunity,olgilaivillagecommunity,3,0.01%,others
ns,is,3,0.01%,others
nyakilanganiconstruction,makamaconstruction,3,0.01%,others
oikos,aixos,3,0.01%,others
oldadaivillagecommunity,olgilaivillagecommunity,3,0.01%,others
pad,ad,3,0.01%,others
part,aar,3,0.01%,others
plantanzania,tanzania,3,0.01%,others
presadom,besado,3,0.01%,others
quik,juin,3,0.01%,others
rccathoric,cathoric,3,0.01%,others
rombodalta,rombodelta,3,0.01%,others
rotte,rotar,3,0.01%,others
rural,acra,3,0.01%,others
ruraldrinkingwatersupply,ruraldrinkungwatersupply,3,0.01%,others
ruvumabasin,abasia,3,0.01%,others
sacso,sao,3,0.01%,others
selousg,caltus,3,0.01%,others
sida,cida,3,0.01%,others
simavi,amadi,3,0.01%,others
singasinga,inkinda,3,0.01%,others
stampers,stgasper,3,0.01%,others
sw,dw,3,0.01%,others
tagchurch,church,3,0.01%,others
tanas,tanap,3,0.01%,others
tanesco,dawasco,3,0.01%,others
tanroad,tanload,3,0.01%,others
tcrsgovernment,adragovernment,3,0.01%,government
tpp,tmp,3,0.01%,others
ungan,ongan,3,0.01%,others
usa,musa,3,0.01%,others
ustawi,esawa,3,0.01%,others
uyoge,unone,3,0.01%,others
vi,ai,3,0.01%,others
victoriadrill,victoriadrillco,3,0.01%,others
wassocontractors,ampcontractor,3,0.01%,others
wordbank,wordlbank,3,0.01%,others
wvc,vc,3,0.01%,others
yebechikomesh,chiko,3,0.01%,others
zaowaterspring,zaowaterspringx,3,0.01%,others
ac,act,2,0.00%,others
actionaid,acord,2,0.00%,others
activetankcoltd,activetankco,2,0.00%,others
adam,adap,2,0.00%,others
africaaminialama,africamuslim,2,0.00%,others
africamuslimagenc,africanmuslimsage,2,0.00%,others
africanmuslimsage,africamuslimagenc,2,0.00%,others
africanrealiefcommitteofku,africanmuslimsage,2,0.00%,others
africare,africa,2,0.00%,others
amec,ac,2,0.00%,others
anglican,anglikan,2,0.00%,others
anglicanuganda,anglican,2,0.00%,others
apm,upm,2,0.00%,others
aqal,aqual,2,0.00%,others
aquarmandrillers,aqwamandrilling,2,0.00%,others
aquawel,aqual,2,0.00%,others
ar,aar,2,0.00%,others
arabscommunity,arabcommunity,2,0.00%,others
asdp,adp,2,0.00%,others
athumanijanguo,athumaniissa,2,0.00%,others
bingofoundation,kujifoundation,2,0.00%,others
bokeraw,bra,2,0.00%,others
calvaryconnection,manyaraconstruction,2,0.00%,others
ccps,ccp,2,0.00%,others
chacha,acra,2,0.00%,others
chani,cheni,2,0.00%,others
christianoutrich,christanoutrich,2,0.00%,others
cip,cap,2,0.00%,others
cipro,cpro,2,0.00%,others
coek,coew,2,0.00%,others
compa,commu,2,0.00%,others
comunity,community,2,0.00%,others
cultus,caltus,2,0.00%,others
dadp,adp,2,0.00%,others
danny,danda,2,0.00%,others
dasp,dadp,2,0.00%,others
dassip,dasip,2,0.00%,others
dcca,ddca,2,0.00%,others
ddcaco,ddca,2,0.00%,others
ddp,adp,2,0.00%,others
de,ce,2,0.00%,others
denish,dadis,2,0.00%,others
deska,deskc,2,0.00%,others
deskandchairfoundation,thedeskandchairfoundat,2,0.00%,others
dmk,dak,2,0.00%,others
doddea,danda,2,0.00%,others
dsv,dhv,2,0.00%,others
dwetassaf,tassaf,2,0.00%,dwe
dwt,dct,2,0.00%,others
edward,dardo,2,0.00%,others
efarm,efam,2,0.00%,others
egyptgovernment,adragovernment,2,0.00%,government
eliasmahemba,mahemba,2,0.00%,others
eno,no,2,0.00%,others
esawa,hesawa,2,0.00%,hesawa
farmafrica,africa,2,0.00%,others
faudhtamimu,faustine,2,0.00%,others
finland,finwate,2,0.00%,others
folac,ola,2,0.00%,others
foreigne,orien,2,0.00%,others
fptc,fpct,2,0.00%,others
gdid,ded,2,0.00%,others
george,biore,2,0.00%,others
governmentandcommunity,governmentcommunity,2,0.00%,government
governmenttcrs,government,2,0.00%,government
green,greec,2,0.00%,others
greineker,greinaker,2,0.00%,others
gurumetisagita,gurumetisagitaco,2,0.00%,others
gurumetisagitaco,gurumetisagita,2,0.00%,others
gwasco,gwascol,2,0.00%,others
gwitembe,getekwe,2,0.00%,others
halmashauriwilaya,halmashauriyawilaya,2,0.00%,others
hanjalt,hanja,2,0.00%,others
hdv,dv,2,0.00%,others
henuredema,deusndege,2,0.00%,others
hesaw,heesaw,2,0.00%,hesawa
hesawz,hesaw,2,0.00%,hesawa
hospital,hospi,2,0.00%,others
hpa,ha,2,0.00%,others
iado,ad,2,0.00%,others
ilolanguluwatersupply,holiliwatersupply,2,0.00%,others
india,indi,2,0.00%,others
irangovern,govern,2,0.00%,government
irc,idc,2,0.00%,others
islamicagencytanzania,africaislamicagencytanzania,2,0.00%,others
itali,ai,2,0.00%,others
jawabu,bumabu,2,0.00%,others
jhlcoltd,jlhcoltd,2,0.00%,others
judgemchome,mchome,2,0.00%,others
jumamaro,jumaa,2,0.00%,others
k,,2,0.00%,others
karumbabuildingcompanyltd,karumbabiuldingcompanyltd,2,0.00%,others
kata,kalta,2,0.00%,others
kibo,ki,2,0.00%,others
kijiji,kajima,2,0.00%,others
killwater,kiliwater,2,0.00%,others
kilolostar,goldstar,2,0.00%,others
kilomber,filber,2,0.00%,others
kkktdme,kkkt,2,0.00%,kkkt
ko,co,2,0.00%,others
korea,koica,2,0.00%,others
kyariga,kajima,2,0.00%,others
laramatak,ilaramataki,2,0.00%,others
lionsclub,lions,2,0.00%,others
lips,rips,2,0.00%,others
liuwassa,luwassa,2,0.00%,others
localtechnitian,localtechnician,2,0.00%,others
machibya,mahita,2,0.00%,others
makuru,makori,2,0.00%,others
maro,mark,2,0.00%,others
marthaemanuel,matyenye,2,0.00%,others
maswico,maswi,2,0.00%,others
maswidrillingcoltd,maswidrilling,2,0.00%,others
mataro,maro,2,0.00%,others
mbulico,maswico,2,0.00%,others
mbwambo,mtambo,2,0.00%,others
md,ad,2,0.00%,others
mdrd,mdrdp,2,0.00%,others
ministryofeducation,ministryofwater,2,0.00%,others
missio,missi,2,0.00%,others
missionary,rcmissionary,2,0.00%,others
mmggoldmine,goldmain,2,0.00%,others
mp,m,2,0.00%,others
msiki,msikit,2,0.00%,others
mtc,mtn,2,0.00%,others
muham,ham,2,0.00%,others
municipal,council,2,0.00%,others
mwigicho,maswico,2,0.00%,others
mwitamuremi,mwitamahiti,2,0.00%,others
mwlnyereresecschool,longidosecschool,2,0.00%,others
mzung,mzungu,2,0.00%,others
nampapanga,nampopanga,2,0.00%,others
nampopanga,nampapanga,2,0.00%,others
nchagwa,chacha,2,0.00%,others
nddp,ddp,2,0.00%,others
neemiamission,herimission,2,0.00%,others
niger,nice,2,0.00%,others
nirad,norad,2,0.00%,others
north,nora,2,0.00%,others
npr,pr,2,0.00%,others
nsc,ns,2,0.00%,others
nyakilangani,nyakilanganyi,2,0.00%,others
o,,2,0.00%,others
onesm,ces,2,0.00%,others
pmo,po,2,0.00%,others
pnr,pr,2,0.00%,others
qsemltd,sialtd,2,0.00%,others
railway,alha,2,0.00%,others
redap,redep,2,0.00%,others
regwacompany,kilwacompany,2,0.00%,others
regwacompanyofegpty,regwacompanyofegypt,2,0.00%,others
regwacompanyofegypt,regwacompanyofegpty,2,0.00%,others
resolute,rotte,2,0.00%,others
roma,romam,2,0.00%,others
rotar,roma,2,0.00%,others
rssp,rwsp,2,0.00%,others
s,,2,0.00%,others
schoo,school,2,0.00%,others
selikali,serikali,2,0.00%,others
senapa,kinapa,2,0.00%,others
serena,serens,2,0.00%,others
ship,shipo,2,0.00%,others
soliderm,solidarm,2,0.00%,others
stansilaus,tanas,2,0.00%,others
sua,sa,2,0.00%,others
tagpatmos,taipo,2,0.00%,others
tanganyikabasin,anglikan,2,0.00%,others
tasa,tasaf,2,0.00%,others
tcrsdwe,tcrs,2,0.00%,dwe
tempo,taipo,2,0.00%,others
tlcjohnmajala,chamavita,2,0.00%,others
tom,apm,2,0.00%,others
totoland,holand,2,0.00%,others
townsh,cons,2,0.00%,others
umojadrillingconstruction,umojadrillingcontructo,2,0.00%,others
undp,adp,2,0.00%,others
universalconstruction,nandraconstruction,2,0.00%,others
vicfishltd,altaicoltd,2,0.00%,others
vickfi,aicki,2,0.00%,others
vienconstruction,mkonconstruction,2,0.00%,others
villaers,villagers,2,0.00%,others
villagewatercommittee,villagewatercommission,2,0.00%,others
vitecos,vtecos,2,0.00%,others
vw,dw,2,0.00%,others
wadeco,wdeco,2,0.00%,others
wajerumani,american,2,0.00%,others
waterauthority,wateraid,2,0.00%,others
waterhu,water,2,0.00%,others
waterusersgroup,waterusergroup,2,0.00%,others
wbdistrictcouncil,districtcouncil,2,0.00%,local_govt
wedeko,wedeco,2,0.00%,others
winamconstruction,kimkimconstruction,2,0.00%,others
winninspiritco,winninspiritcoltd,2,0.00%,others
winninspiritcoltd,winninspiritco,2,0.00%,others
worlddivision,worddivisio,2,0.00%,others
yellltd,elct,2,0.00%,others
aartisa,artisan,1,0.00%,others
abd,ad,1,0.00%,others
abdala,abdul,1,0.00%,others
abdallahallywazir,marijanallydadi,1,0.00%,others
abdul,abd,1,0.00%,others
act,ac,1,0.00%,others
activekmk,activemkm,1,0.00%,others
actmara,accra,1,0.00%,others
adamkea,adam,1,0.00%,others
adammualuaka,adamkea,1,0.00%,others
adrs,adra,1,0.00%,others
africam,africa,1,0.00%,others
africamuslim,africam,1,0.00%,others
africanreflectionsfoundation,africandevelopmentfoundation,1,0.00%,others
africaone,africare,1,0.00%,others
africaoneltd,africaone,1,0.00%,others
afrozismail,aartisa,1,0.00%,others
agrican,africa,1,0.00%,others
ahmad,amadi,1,0.00%,others
aicki,aic,1,0.00%,others
aixos,oikos,1,0.00%,others
alexmoyela,adamkea,1,0.00%,others
alha,alia,1,0.00%,others
alia,alha,1,0.00%,others
allys,atlas,1,0.00%,others
altaicoltd,jlhcoltd,1,0.00%,others
amadi,amari,1,0.00%,others
amari,amadi,1,0.00%,others
ambrose,adrs,1,0.00%,others
ambwenemwaikeke,mzeemabena,1,0.00%,others
american,agrican,1,0.00%,others
anglicachurch,anglicanchurch,1,0.00%,others
anglikan,anglican,1,0.00%,others
anglikana,anglikan,1,0.00%,others
anglikanachurch,anglicanchurch,1,0.00%,others
ansnanimurij,hasneinmurij,1,0.00%,others
answar,aar,1,0.00%,others
aquabluesangels,adpbusangi,1,0.00%,others
aqual,aqal,1,0.00%,others
aquawat,aquawel,1,0.00%,others
aqwamandrilling,aquarmandrillers,1,0.00%,others
arabcommunity,arabscommunity,1,0.00%,others
ardhiandpetcompanies,wassocompanies,1,0.00%,others
ardhiwaterwells,ardhiwaterwell,1,0.00%,others
arisan,artisan,1,0.00%,others
arrian,agrican,1,0.00%,others
athumaniissa,athumanijanguo,1,0.00%,others
atlas,allys,1,0.00%,others
baadela,abdala,1,0.00%,others
babtest,bahresa,1,0.00%,others
babusajin,babusajini,1,0.00%,others
babusajini,babusajin,1,0.00%,others
bahresa,baadela,1,0.00%,others
balyeh,malec,1,0.00%,others
bao,bap,1,0.00%,others
bap,bao,1,0.00%,others
baptistchurch,batistchurch,1,0.00%,others
baptistchurchoftanzania,baptistchurch,1,0.00%,others
barryamurphy,africamuslim,1,0.00%,others
batistchurch,baptistchurch,1,0.00%,others
bemanda,emanda,1,0.00%,others
benjamin,britain,1,0.00%,others
besado,besada,1,0.00%,others
bgss,bffs,1,0.00%,others
bhokemwita,mbusimwita,1,0.00%,others
billyphillips,bilila,1,0.00%,others
bingofoundationgermany,bingofoundation,1,0.00%,others
birage,biore,1,0.00%,others
bkhws,bffs,1,0.00%,others
boazi,boni,1,0.00%,others
bomasaving,babusajin,1,0.00%,others
boni,boazi,1,0.00%,others
bonitebottlesltd,africaoneltd,1,0.00%,others
bra,br,1,0.00%,others
brad,bra,1,0.00%,others
britain,arisan,1,0.00%,others
british,britain,1,0.00%,others
britishgovernment,belgiamgovernment,1,0.00%,government
brown,bao,1,0.00%,others
buildingworksengineeringltd,buildingworkscompanyltd,1,0.00%,others
bukumb,buguba,1,0.00%,others
bumabu,buguba,1,0.00%,others
buruba,buguba,1,0.00%,others
busogatrust,trust,1,0.00%,others
c,,1,0.00%,others
caltazkahama,caltas,1,0.00%,others
camartec,carmatech,1,0.00%,others
cap,bap,1,0.00%,others
care,aar,1,0.00%,others
carecipro,cipro,1,0.00%,others
carmatech,camartec,1,0.00%,others
cathoric,rccathoric,1,0.00%,others
ccp,cap,1,0.00%,others
ccpk,ccp,1,0.00%,others
cdt,cct,1,0.00%,others
cefarcchurch,rcchurch,1,0.00%,others
centragovernment,centralgovernment,1,0.00%,government
centragovt,centralgovt,1,0.00%,others
centralbasin,centralgovt,1,0.00%,others
cetralgovernmentrc,cebtralgovernment,1,0.00%,government
cfbuilders,shybuilders,1,0.00%,others
cgi,cg,1,0.00%,others
cgrc,care,1,0.00%,others
chachaissame,chacha,1,0.00%,others
chamachaushirika,halmashauri,1,0.00%,others
chandeco,chinaco,1,0.00%,others
charlottewell,shallowwell,1,0.00%,others
chela,cefa,1,0.00%,others
chinaco,china,1,0.00%,others
chinahenanconstuction,chinahenancontractor,1,0.00%,others
chinese,china,1,0.00%,others
chonjacharles,piuscharles,1,0.00%,others
christanoutrich,christianoutrich,1,0.00%,others
christinamagoge,christanoutrich,1,0.00%,others
christopher,rished,1,0.00%,others
chuo,chur,1,0.00%,others
churc,chur,1,0.00%,others
churchofdisciples,chachaissame,1,0.00%,others
cida,fida,1,0.00%,others
cjej0,cjejow,1,0.00%,others
claver,care,1,0.00%,others
cocu,ccp,1,0.00%,others
coew,coek,1,0.00%,others
college,ecolodge,1,0.00%,others
communitybank,community,1,0.00%,others
company,compa,1,0.00%,others
compasioninternatio,planinternationa,1,0.00%,others
conta,contr,1,0.00%,others
cow,co,1,0.00%,others
cowi,cow,1,0.00%,others
coyi,cowi,1,0.00%,others
craelius,caltus,1,0.00%,others
crety,ereto,1,0.00%,others
cristanoutrich,christanoutrich,1,0.00%,others
crs,ces,1,0.00%,others
cvsmiss,cmsr,1,0.00%,others
dadis,dads,1,0.00%,others
danda,danida,1,0.00%,danida
daniad,danid,1,0.00%,danida
danidaco,danida,1,0.00%,danida
danids,danid,1,0.00%,danida
daniel,daniad,1,0.00%,danida
dannida,danida,1,0.00%,danida
daressalaamroundtable,daressalaamtechnician,1,0.00%,others
daressalaamtechnician,localltechnician,1,0.00%,others
dawasa,tawasa,1,0.00%,others
dawe,dwe,1,0.00%,dwe
dbsp,dasp,1,0.00%,others
ddsa,ddca,1,0.00%,others
deogra,deska,1,0.00%,others
deusndege,jumandege,1,0.00%,others
dew,de,1,0.00%,others
dfid,danid,1,0.00%,others
dhvmoro,dhv,1,0.00%,others
di,ai,1,0.00%,others
dimon,aixos,1,0.00%,others
dina,china,1,0.00%,others
dioceseofmountkilimanjaro,lionsclubkilimanjaro,1,0.00%,others
districtcommunityj,districtcounci,1,0.00%,others
districwaterdepartment,districtwaterdepartment,1,0.00%,others
dl,d,1,0.00%,others
dmddsolider,soliderm,1,0.00%,others
dmmd,dmdd,1,0.00%,others
doktamwandulami,totallandcare,1,0.00%,others
domnik,boni,1,0.00%,others
dsp,dasp,1,0.00%,others
dspu,dsp,1,0.00%,others
dv,d,1,0.00%,others
dweanglicanchurch,anglicanchurch,1,0.00%,dwe
dweb,dwe,1,0.00%,dwe
dwelwi,dew,1,0.00%,dwe
dweubaloziwamarekani,ubaloziwamarekani,1,0.00%,dwe
dww,dew,1,0.00%,others
dydrotec,hydrotec,1,0.00%,others
eastmerumediumschool,princemediumschool,1,0.00%,others
ecolodge,college,1,0.00%,others
eeto,ereto,1,0.00%,others
ef,af,1,0.00%,others
egypt,elct,1,0.00%,others
egyptregwa,egypt,1,0.00%,others
egypttechnicalcooperation,tanzegypttechnicalcoopera,1,0.00%,others
elca,elct,1,0.00%,others
elina,eliza,1,0.00%,others
eliuschacha,chacha,1,0.00%,others
emanda,bemanda,1,0.00%,others
emandabuilders,cfbuilders,1,0.00%,others
emayo,maro,1,0.00%,others
embasyofjapanintanzania,canadanatanzania,1,0.00%,government
emmanuelkiswagala,emmanuelkitaponda,1,0.00%,others
emmanuelkitaponda,emmanuelkiswagala,1,0.00%,others
engaraserovillagers,aquarmandrillers,1,0.00%,others
engineerswithoutborder,insititutiona,1,0.00%,others
enyuati,enyueti,1,0.00%,others
esterndege,deusndege,1,0.00%,others
ewe,dwe,1,0.00%,dwe
fabia,alia,1,0.00%,others
fao,bao,1,0.00%,others
faustine,fathe,1,0.00%,others
fida,cida,1,0.00%,others
filber,inter,1,0.00%,others
filexmuganga,alexmoyela,1,0.00%,others
finwate,finwater,1,0.00%,others
fpctchurch,kkktchurch,1,0.00%,kkkt
frankfurt,makuru,1,0.00%,others
freshwaterplcengland,ardhiwaterwell,1,0.00%,others
fridamokeki,adamkea,1,0.00%,others
friedkinconservationfund,kimkimconstruction,1,0.00%,others
friendfromun,redcross,1,0.00%,others
gachumaconstruction,makamaconstruction,1,0.00%,others
gdp,adp,1,0.00%,others
georgemtoto,george,1,0.00%,others
georgemtotocompany,georgemtoto,1,0.00%,others
gerald,brad,1,0.00%,others
geraldmila,gerald,1,0.00%,others
german,germany,1,0.00%,others
germanmissionsry,germanymissionary,1,0.00%,others
gesine,elina,1,0.00%,others
getdsc00,gesine,1,0.00%,others
getekwe,mtewe,1,0.00%,others
ggm,bgm,1,0.00%,others
globalresourceco,grobalresourcealliance,1,0.00%,others
globalresourceconstruction,globalresourceco,1,0.00%,others
goldmain,gain,1,0.00%,others
goldwillfoundation,kujifoundation,1,0.00%,others
got,go,1,0.00%,others
governmen,governme,1,0.00%,government
governmentcommunity,governmentandcommunity,1,0.00%,government
governmentofmisri,governmentsda,1,0.00%,government
governmentsda,government,1,0.00%,government
governmentworldvision,governmentofmisri,1,0.00%,government
grailmissionkisekibar,germanmissionsry,1,0.00%,others
gratzmusoma,drmatomola,1,0.00%,others
greatlakes,greinaker,1,0.00%,others
grumenti,grumeti,1,0.00%,others
grumet,grumeti,1,0.00%,others
grumetifund,grumeti,1,0.00%,others
h4ccp,ccp,1,0.00%,others
haam,ham,1,0.00%,others
haidomulutheranchurch,lutheranchurch,1,0.00%,others
halimashauli,halmashauli,1,0.00%,others
hamisifidia,hapasingida,1,0.00%,others
hamismakombo,eliasmahemba,1,0.00%,others
hanja,danda,1,0.00%,others
harison,arisan,1,0.00%,others
hasawa,hesawa,1,0.00%,hesawa
hashi,hospi,1,0.00%,others
hasneinmurij,ansnanimurij,1,0.00%,others
haydomlutheranhospital,hydomluthelani,1,0.00%,others
heartshelpinghandsinc,nerthlands,1,0.00%,others
heesaw,hesaw,1,0.00%,hesawa
hemedabdalkah,hemedabdallah,1,0.00%,others
hemedabdallah,hemedabdalkah,1,0.00%,others
herimission,rcmission,1,0.00%,others
hery,he,1,0.00%,others
hesawq,hesaw,1,0.00%,hesawa
hesaws,hesaw,1,0.00%,hesawa
hesewa,hesawa,1,0.00%,hesawa
hilfefurbruder,bruder,1,0.00%,others
holand,holland,1,0.00%,others
holiliwatersupply,losakiawatersupply,1,0.00%,others
hotelandlodgetanzania,hotelsandloggstzltd,1,0.00%,others
hotelsandloggstzltd,hotelandlodgetanzania,1,0.00%,others
howardandhumfreyconsultants,howardandhumfreyconsultant,1,0.00%,others
howardhumfreys,humfreysco,1,0.00%,others
huches,ces,1,0.00%,others
humfreysco,huches,1,0.00%,others
husseinayubu,hasneinmurij,1,0.00%,others
icap,cap,1,0.00%,others
icf,ics,1,0.00%,others
icftwesa,rwetwesa,1,0.00%,others
igololacommunity,ilwilocommunity,1,0.00%,others
ilaramataki,laramatak,1,0.00%,others
ilwilocommunity,igololacommunity,1,0.00%,others
indiv,indi,1,0.00%,others
inkinda,india,1,0.00%,others
insititutiona,institution,1,0.00%,others
institutional,insititutiona,1,0.00%,others
internaldrainagebasin,centralbasin,1,0.00%,others
internationalaidservices,careinternational,1,0.00%,others
isfandtacare,isftacare,1,0.00%,others
isftasaff,isftacare,1,0.00%,others
islamiccommunity,ilwilocommunity,1,0.00%,others
issaakanyange,mamakalage,1,0.00%,others
issamohameditumwanga,mohamadmasanga,1,0.00%,others
italiangovernment,italygovernment,1,0.00%,government
iucn,icf,1,0.00%,others
jacks,jicks,1,0.00%,others
jacksonmahambo,jacksonmakore,1,0.00%,others
jacksonmakore,jacksonmahambo,1,0.00%,others
jafarymbaga,japanembassy,1,0.00%,others
jalca,jaica,1,0.00%,others
jandu,danda,1,0.00%,others
japangovernment,adragovernment,1,0.00%,government
jerem,seram,1,0.00%,others
jeshilawokovucida,jeshilawokovu,1,0.00%,others
ji,ai,1,0.00%,others
jiks,jicks,1,0.00%,others
jimmy,commu,1,0.00%,others
jmalabdallah,hemedabdallah,1,0.00%,others
jmc,ac,1,0.00%,others
joerymagabe,jafarymbaga,1,0.00%,others
johngemutaco,johnkimindaco,1,0.00%,others
johnkimindaco,johngemutaco,1,0.00%,others
johnskwese,chinese,1,0.00%,others
josephnkunda,inkinda,1,0.00%,others
jsica,jaica,1,0.00%,others
ju,ja,1,0.00%,others
juineco,juinco,1,0.00%,others
juma,jumaa,1,0.00%,others
jumaa,juma,1,0.00%,others
jumamakulilo,jumamaro,1,0.00%,others
jumandege,jumanne,1,0.00%,others
jumanne,juma,1,0.00%,others
jumannesiabo,jumanne,1,0.00%,others
jumuhia,jumuiya,1,0.00%,others
jumuiya,jumuhia,1,0.00%,others
justinemarwa,actmara,1,0.00%,others
jwtz,dwt,1,0.00%,others
kaem,kaemp,1,0.00%,others
kageramine,german,1,0.00%,others
kagulo,kapelo,1,0.00%,others
kagungulisecondary,zingibalisecondary,1,0.00%,others
kahema,kaem,1,0.00%,others
kajima,kahema,1,0.00%,others
kalitesi,kalitasi,1,0.00%,others
kalugendo,karugendo,1,0.00%,others
kamama,kahema,1,0.00%,others
kamataproject,camartec,1,0.00%,others
kambimigoko,aimgold,1,0.00%,others
kanamama,kamama,1,0.00%,others
kando,daldo,1,0.00%,others
kanisalatag,kanamama,1,0.00%,others
kanisani,kanisa,1,0.00%,others
kapelo,kagulo,1,0.00%,others
karumbabiuldin,ruvumabasin,1,0.00%,others
karumbabiuldingcompanyltd,karumbabuildingcompanyltd,1,0.00%,others
karumbabiuldingcontractor,saxonbuildingcontractor,1,0.00%,others
kashere,kahema,1,0.00%,others
kassim,dassip,1,0.00%,others
kauzeni,kokeni,1,0.00%,others
kawinga,kinga,1,0.00%,others
kayempultd,kaemp,1,0.00%,others
kc,ac,1,0.00%,others
kdc,idc,1,0.00%,others
kdpa,adp,1,0.00%,others
kegocha,chacha,1,0.00%,others
kibopotry,kibo,1,0.00%,others
kidijas,kidika,1,0.00%,others
kidika,kidijas,1,0.00%,others
kigwa,kinga,1,0.00%,others
kikom,kibo,1,0.00%,others
kilanganico,nyakilanganico,1,0.00%,others
kilimarondoparish,loliondoparish,1,0.00%,others
kiliwaterr,kiliwater,1,0.00%,others
kilol,kibo,1,0.00%,others
kindorokowaterproject,rilayowaterproject,1,0.00%,others
kinga,dina,1,0.00%,others
kisiririadp,arrian,1,0.00%,others
kitiangarevillagecommunity,ngiresivillagecommunity,1,0.00%,others
kitukuniwatersupply,holiliwatersupply,1,0.00%,others
kiwandachangozi,kkktndrumangeni,1,0.00%,kkkt
kizenga,kinga,1,0.00%,others
kkktcanal,kkktmareu,1,0.00%,kkkt
kkktkatitijuu,kkktkilinga,1,0.00%,kkkt
kkktkilinga,mwakalinga,1,0.00%,kkkt
kkktleguruki,kkktchurch,1,0.00%,kkkt
kkktmareu,kkktcanal,1,0.00%,kkkt
kkktndrumangeni,kiwandachangozi,1,0.00%,kkkt
koberg,gover,1,0.00%,others
korkonel,kokeni,1,0.00%,others
koyi,coyi,1,0.00%,others
kprimary,prima,1,0.00%,others
ku,ju,1,0.00%,others
kujifoundation,bingofoundation,1,0.00%,others
kumkum,kimkum,1,0.00%,others
kurrp,kadp,1,0.00%,others
kuwaiti,kuwait,1,0.00%,others
kuweit,kuwait,1,0.00%,others
kw,dw,1,0.00%,others
kwamduluestate,ardhiinstute,1,0.00%,others
kwasenengegroup,waterusegroup,1,0.00%,others
kyelamorogoro,matogoro,1,0.00%,others
laizer,claver,1,0.00%,others
latifu,natio,1,0.00%,others
lc,ac,1,0.00%,others
ldep,adap,1,0.00%,others
lei,li,1,0.00%,others
leopadabeid,besada,1,0.00%,others
lgq,lga,1,0.00%,others
li,ai,1,0.00%,others
lindicontractor,gidacontractor,1,0.00%,others
lindiruralwaterdepartment,districwaterdepartment,1,0.00%,others
lionsclubkilimanjaro,dioceseofmountkilimanjaro,1,0.00%,others
lizad,eliza,1,0.00%,others
localtechnical,localtechnician,1,0.00%,others
lolmoloki,lomoloki,1,0.00%,others
lomoloki,lolmoloki,1,0.00%,others
loocip,cip,1,0.00%,others
losakiawatersupply,losakiawatersuppl,1,0.00%,others
lualikaima,anglikana,1,0.00%,others
luka,jika,1,0.00%,others
lukesamarasltd,semacoltd,1,0.00%,others
luleka,luka,1,0.00%,others
lungwe,luthe,1,0.00%,others
lusajo,besado,1,0.00%,others
luwassa,liuwassa,1,0.00%,others
lwicentralgovernment,centralgovernment,1,0.00%,government
m,,1,0.00%,others
mackdonaldcoltd,mackdonaldcontractor,1,0.00%,others
mackdonaldcontrsctor,mackdonaldcontractor,1,0.00%,others
madra,adra,1,0.00%,others
maerere,kashere,1,0.00%,others
magani,amadi,1,0.00%,others
magige,magani,1,0.00%,others
magomaadp,mamad,1,0.00%,others
magul,kagulo,1,0.00%,others
magutumaro,mataro,1,0.00%,others
mahemba,kahema,1,0.00%,others
mahita,mchina,1,0.00%,others
maishule,shule,1,0.00%,others
maivaru,makuru,1,0.00%,others
majmugumu,majimugumu,1,0.00%,others
makala,makusa,1,0.00%,others
makanyasisalestate,kanisalatag,1,0.00%,others
makori,makoye,1,0.00%,others
makoye,makonde,1,0.00%,others
makundya,makonde,1,0.00%,others
makusa,makala,1,0.00%,others
malec,males,1,0.00%,others
males,malec,1,0.00%,others
maliasili,kalitasi,1,0.00%,others
malola,makala,1,0.00%,others
mamaagneskagimbo,jumannesiabo,1,0.00%,others
mamahamisa,aartisa,1,0.00%,others
mamajoela,baadela,1,0.00%,others
mamakalage,makala,1,0.00%,others
mamakapwapwa,mamakalage,1,0.00%,others
mamaz,mamad,1,0.00%,others
mambe,kaembe,1,0.00%,others
mamvuakakungu,mamakalage,1,0.00%,others
mandiaconstruction,nandraconstruction,1,0.00%,others
mandp,adp,1,0.00%,others
mangotree,maerere,1,0.00%,others
manyotaprimaryschool,upendoprimaryschool,1,0.00%,others
manyovuagricultureinstitute,makanyasisalestate,1,0.00%,others
marafin,marafip,1,0.00%,others
marainterproduct,kamataproject,1,0.00%,others
marijanallydadi,maliasili,1,0.00%,others
mark,marke,1,0.00%,others
marke,mark,1,0.00%,others
marumbocommunity,arabcommunity,1,0.00%,others
masailand,makala,1,0.00%,others
masekacommunity,adracommunity,1,0.00%,others
maselenzengula,alexmoyela,1,0.00%,others
masese,males,1,0.00%,others
mashakam,haam,1,0.00%,others
masjidnnre,masjid,1,0.00%,others
masjidtakuar,mashakam,1,0.00%,others
masucompany,maswicompany,1,0.00%,others
matiiti,mahita,1,0.00%,others
matogoro,mataro,1,0.00%,others
matyenye,maerere,1,0.00%,others
maxmbise,mambe,1,0.00%,others
mayiro,maro,1,0.00%,others
mbeje,mtewe,1,0.00%,others
mbiusa,makusa,1,0.00%,others
mbozihospital,hospital,1,0.00%,others
mbozisecondaryschool,secondaryschool,1,0.00%,others
mbuludistrictcouncil,mbozidistrictcouncil,1,0.00%,local_govt
mbusimwita,mgayamwita,1,0.00%,others
mbuzimawe,mkulima,1,0.00%,others
mbwiro,mayiro,1,0.00%,others
mchina,china,1,0.00%,others
meco,amec,1,0.00%,others
megis,belgij,1,0.00%,others
memberofperliamentahmedali,embasyofjapanintanzania,1,0.00%,others
meruconcrete,conce,1,0.00%,others
methodistchurch,batistchurch,1,0.00%,others
mgaya,mungaya,1,0.00%,others
mgayamasese,masese,1,0.00%,others
mgayamwita,mbusimwita,1,0.00%,others
mhchiza,mchina,1,0.00%,others
miab,hiap,1,0.00%,others
misanageorge,george,1,0.00%,others
misheni,cheni,1,0.00%,others
misrigovernment,ciprogovernment,1,0.00%,government
missionaries,missionary,1,0.00%,others
mketo,eeto,1,0.00%,others
mkonconstruction,mkongconstruction,1,0.00%,others
mkongconstruction,mkonconstruction,1,0.00%,others
mkongobuildingcontractor,saxonbuildingcontractor,1,0.00%,others
mkongoconstruction,mkongconstruction,1,0.00%,others
mkulima,kajima,1,0.00%,others
mkuluku,mkulima,1,0.00%,others
mohamadmasanga,mamakalage,1,0.00%,others
mohamedally,omarally,1,0.00%,others
monmali,amadi,1,0.00%,others
moravian,morovian,1,0.00%,others
morningconstruction,mkongconstruction,1,0.00%,others
morovi,moroil,1,0.00%,others
morovian,moravian,1,0.00%,others
morrov,morovi,1,0.00%,others
morrovian,morovian,1,0.00%,others
moses,males,1,0.00%,others
moshonoadp,magomaadp,1,0.00%,others
mosqure,mosque,1,0.00%,others
motibamanyanya,mohamadmasanga,1,0.00%,others
moyowosi,lomoloki,1,0.00%,others
mpangowamwisa,mamahamisa,1,0.00%,others
mpmloka,malola,1,0.00%,others
mrchi,mrkwi,1,0.00%,others
mremicontractor,mwakicontractor,1,0.00%,others
mrish,arisan,1,0.00%,others
mrkas,mrkwi,1,0.00%,others
mrkwi,maswi,1,0.00%,others
mrluo,chuo,1,0.00%,others
mrsau,mrkas,1,0.00%,others
msagin,msabi,1,0.00%,others
msig,mi,1,0.00%,others
msigwa,kigwa,1,0.00%,others
msikitini,msikiti,1,0.00%,others
msjimugumu,majimugumu,1,0.00%,others
msuba,msabi,1,0.00%,others
msudi,msabi,1,0.00%,others
msukwaconstructioncompany,makamaconstruction,1,0.00%,others
mtambo,mambe,1,0.00%,others
mtewe,ewe,1,0.00%,others
mtui,mi,1,0.00%,others
mtwaratechnician,localltechnician,1,0.00%,others
mu,ju,1,0.00%,others
muhindi,hindu,1,0.00%,others
muhochikissaka,chachaissame,1,0.00%,others
mungaya,mgaya,1,0.00%,others
municipalcouncil,taboramunicipalcouncil,1,0.00%,local_govt
muniko,chiko,1,0.00%,others
muslimehefeninternational,livingwaterinternational,1,0.00%,others
muslimusocietyshia,eliuschacha,1,0.00%,others
muwaza,muwasa,1,0.00%,others
mwakabalula,makala,1,0.00%,others
mwakalinga,kawinga,1,0.00%,others
mwakicontracto,mwakicontractor,1,0.00%,others
mwakifuna,makusa,1,0.00%,others
mwalimumuhenza,mwalimumuhenzi,1,0.00%,others
mwalimumuhenzi,mwalimumuhenza,1,0.00%,others
mwamama,kamama,1,0.00%,others
mwamvitarajabu,swaleherajabu,1,0.00%,others
mwanamisially,mohamedally,1,0.00%,others
mwananchiengineeri,makeengineering,1,0.00%,others
mwanza,mianz,1,0.00%,others
mwita,mahita,1,0.00%,others
mwitakichere,mwitamachoa,1,0.00%,others
mwitalucas,mwita,1,0.00%,others
mwitamachoa,mwitamahiti,1,0.00%,others
mwitamahiti,mwitamachoa,1,0.00%,others
mwlmwita,mwita,1,0.00%,others
mwlngassa,luwassa,1,0.00%,others
mzeemabena,mahemba,1,0.00%,others
mzeeomari,mzeesmith,1,0.00%,others
mzeesalumbakaridarus,mzeeomari,1,0.00%,others
mzeesmith,mzeeomari,1,0.00%,others
mzeewaziritajari,mzeeomari,1,0.00%,others
mzeeyassinnaya,mzeemabena,1,0.00%,others
mzungu,mzung,1,0.00%,others
nafco,natio,1,0.00%,others
namungo,ngomango,1,0.00%,others
napupanga,nampapanga,1,0.00%,others
nasanworkers,nassanworkers,1,0.00%,others
nassanworkers,nasanworkers,1,0.00%,others
nathalhamadi,ahmad,1,0.00%,others
natio,nafco,1,0.00%,others
ndm,ad,1,0.00%,others
ndrdp,mdrdp,1,0.00%,others
nerthlands,netherlands,1,0.00%,others
netherlands,nerthlands,1,0.00%,others
ngelepogroup,upendogroup,1,0.00%,others
nginil,engin,1,0.00%,others
ngo,go,1,0.00%,others
ngomango,namungo,1,0.00%,others
ngos,ngo,1,0.00%,others
nimrodmkonomb,notkno,1,0.00%,others
njoonjoo,cjejow,1,0.00%,others
njula,juma,1,0.00%,others
nmdcindia,india,1,0.00%,others
norani,nora,1,0.00%,others
noshad,noshadi,1,0.00%,others
noshadi,noshad,1,0.00%,others
notkno,notknown,1,0.00%,others
nssf,bsf,1,0.00%,others
nu,ju,1,0.00%,others
nyabarongokegoro,kyelamorogoro,1,0.00%,others
nyabibuyeislamiccenter,maziinvestment,1,0.00%,others
nyabweta,nyangere,1,0.00%,others
nyahale,aqal,1,0.00%,others
nyakahomwita,mgayamwita,1,0.00%,others
nyakilanganyi,nyakilangani,1,0.00%,others
nyamasagi,nyamwanji,1,0.00%,others
nyamingusubvillage,ndukuvillage,1,0.00%,others
nyamwanji,nyamasagi,1,0.00%,others
nyangere,kashere,1,0.00%,others
nyanzaroad,tanroad,1,0.00%,others
nyeisa,jeica,1,0.00%,others
nyitamboka,mtambo,1,0.00%,others
nzila,njula,1,0.00%,others
obadia,abasia,1,0.00%,others
oda,da,1,0.00%,others
okongo,kando,1,0.00%,others
olomoloki,lomoloki,1,0.00%,others
ols,ola,1,0.00%,others
omarally,makala,1,0.00%,others
omarimzee,omarymona,1,0.00%,others
omarrafael,marafin,1,0.00%,others
omarymona,omarimzee,1,0.00%,others
ongan,ungan,1,0.00%,others
orphanage,mpang,1,0.00%,others
others,hery,1,0.00%,others
othod,noshad,1,0.00%,others
overlandhighschool,secondaryschool,1,0.00%,others
ox,o,1,0.00%,others
paffec,amec,1,0.00%,others
pankrasi,paskali,1,0.00%,others
panone,unone,1,0.00%,others
paskali,makala,1,0.00%,others
patricknyanzwi,agrican,1,0.00%,others
paul,magul,1,0.00%,others
pentecosta,pentekoste,1,0.00%,others
pentecostalchurch,pentecostchurch,1,0.00%,others
pentecostchurch,pentecostalchurch,1,0.00%,others
pentekoste,pentecosta,1,0.00%,others
peoplefromegypt,peoplep,1,0.00%,others
perusibhoke,africaone,1,0.00%,others
petcoporationltd,petcorporationltd,1,0.00%,others
peter,inter,1,0.00%,others
petermayiro,mayiro,1,0.00%,others
petropatrice,cathoric,1,0.00%,others
piscop,icap,1,0.00%,others
piuscharles,chonjacharles,1,0.00%,others
pnrco,pnr,1,0.00%,others
pnrda,pnr,1,0.00%,others
porilaakibakigosi,serikaliyakijiji,1,0.00%,others
prima,primo,1,0.00%,others
primo,prima,1,0.00%,others
princemediumschool,eastmerumediumschool,1,0.00%,others
priv,priva,1,0.00%,others
privat,priva,1,0.00%,others
privatecompany,atlascompany,1,0.00%,others
privateindividuals,individuals,1,0.00%,others
privateinstitutions,institution,1,0.00%,others
privateowned,private,1,0.00%,others
privateperson,private,1,0.00%,others
privatetechnician,villagetechnician,1,0.00%,others
profsaluati,resolute,1,0.00%,others
pumpentecostalsweeden,pentecostalchurch,1,0.00%,others
pwd,pad,1,0.00%,others
quickwinhalmashauri,halmashauri,1,0.00%,others
quickwinprojectcouncil,quickwinproject,1,0.00%,local_govt
quickwins,qwickwin,1,0.00%,others
qukwin,quwkwin,1,0.00%,others
r,,1,0.00%,others
ramadhanimmvugalo,ramadhaninyambizi,1,0.00%,others
ramadhaninyambizi,ramadhanimmvugalo,1,0.00%,others
raramataki,ilaramataki,1,0.00%,others
rashidmahongwe,rashidsengombe,1,0.00%,others
rashidsengombe,rashidmahongwe,1,0.00%,others
raurensia,bahresa,1,0.00%,others
raymondekura,makonde,1,0.00%,others
rcchurchbrother,rcchurch,1,0.00%,others
rcmi,rcmis,1,0.00%,others
rcmis,rcmi,1,0.00%,others
rcmissionary,missionary,1,0.00%,others
rcmsufi,msudi,1,0.00%,others
rcnjoro,acord,1,0.00%,others
rddc,rdc,1,0.00%,others
rdws,adrs,1,0.00%,others
recoda,rhoda,1,0.00%,others
reginagroup,ngelepogroup,1,0.00%,others
regionwater,regionalwater,1,0.00%,others
regwa,kigwa,1,0.00%,others
resolutemining,resolute,1,0.00%,others
rhobiwamburs,teonaswambura,1,0.00%,others
richardmkyore,chandeco,1,0.00%,others
rilayowaterproject,kindorokowaterproject,1,0.00%,others
ro,co,1,0.00%,others
robertkampala,robertmosi,1,0.00%,others
robertmosi,ambrose,1,0.00%,others
romam,roma,1,0.00%,others
rombodelta,rombodalta,1,0.00%,others
rotaryclubaustralia,rotaryclub,1,0.00%,others
rotaryclubkitchener,rotaryclub,1,0.00%,others
rotaryclubofchicoandmoshi,rotaryclubofusaandmoshi,1,0.00%,others
rotaryclubofusaandmoshi,rotaryclubofchicoandmoshi,1,0.00%,others
roteryc,rotar,1,0.00%,others
rps,rips,1,0.00%,others
rudri,rude,1,0.00%,others
ruraldrinkungwatersupply,ruraldrinkingwatersupply,1,0.00%,others
rusumogamereserve,busogatrust,1,0.00%,others
rwetcrs,rwetwesa,1,0.00%,rwe
rwetwesa,icftwesa,1,0.00%,others
rwi,lwi,1,0.00%,others
sa,da,1,0.00%,others
sadikikangelo,adpbusangi,1,0.00%,others
safaricamp,africam,1,0.00%,others
safariroya,safaricamp,1,0.00%,others
saferescueltd,africaoneltd,1,0.00%,others
sagaswe,stgasper,1,0.00%,others
saidhashim,hashi,1,0.00%,others
saidico,danidaco,1,0.00%,others
saidihalfani,saidhashim,1,0.00%,others
saidomari,amari,1,0.00%,others
sakwidi,samweli,1,0.00%,others
salamukita,adamkea,1,0.00%,others
salehe,alha,1,0.00%,others
salumtambalizeni,ruvumabasin,1,0.00%,others
samsoni,sacso,1,0.00%,others
samwel,samweli,1,0.00%,others
samweli,samwel,1,0.00%,others
samwelikitana,anglikana,1,0.00%,others
saxonbuildingcontractors,saxonbuildingcontractor,1,0.00%,others
scholasticapankrasi,pankrasi,1,0.00%,others
schooladm9nstrarion,schooladminstrarion,1,0.00%,others
schooladminstrarion,schooladm9nstrarion,1,0.00%,others
sdachurch,church,1,0.00%,others
sdp,adp,1,0.00%,others
seffmtambo,mtambo,1,0.00%,others
segeraestate,floresta,1,0.00%,others
seifndago,secondary,1,0.00%,others
sekondari,secondary,1,0.00%,others
selemanmasoud,sulemanidd,1,0.00%,others
selepta,senapa,1,0.00%,others
semaconsultant,consultant,1,0.00%,others
senttho,centr,1,0.00%,others
seram,efam,1,0.00%,others
serens,serena,1,0.00%,others
serikari,serikali,1,0.00%,others
seronera,serena,1,0.00%,others
sh,ch,1,0.00%,others
shallowwell,charlottewell,1,0.00%,others
shamtesaid,wateraid,1,0.00%,others
shekhe,salehe,1,0.00%,others
shelishelicommission,herimission,1,0.00%,others
shingidayetu,singidayetu,1,0.00%,others
shipoconstructors,wassocontractors,1,0.00%,others
shuleyamsingi,shuleyamsingiufala,1,0.00%,others
shuleyamsingiufala,shuleyamsingi,1,0.00%,others
shuleyasekondariipuli,shuleyamsingiufala,1,0.00%,others
simangokihengu,singasinga,1,0.00%,others
simba,sema,1,0.00%,others
simbalodge,simbaco,1,0.00%,others
simonlusambi,monmali,1,0.00%,others
sipdo,cipro,1,0.00%,others
sisaleststehale,salehe,1,0.00%,others
sistermakulata,australia,1,0.00%,others
sizamayengo,kizenga,1,0.00%,others
socie,boni,1,0.00%,others
solidarm,soliderm,1,0.00%,others
sophiawazir,shawasa,1,0.00%,others
spardrilling,maswidrilling,1,0.00%,others
spcpreprimaryschool,upendoprimaryschool,1,0.00%,others
ssu,bsf,1,0.00%,others
stabex,tadeo,1,0.00%,others
stafordhigima,safaricamp,1,0.00%,others
stelizabethmajengo,sizamayengo,1,0.00%,others
stephano,stph,1,0.00%,others
stephanopaulo,stephano,1,0.00%,others
stevennyangarika,nyangere,1,0.00%,others
stgasper,sagaswe,1,0.00%,others
stmagrethchurch,tagchurch,1,0.00%,others
subvillage,village,1,0.00%,others
sumo,juma,1,0.00%,others
sumry,sumo,1,0.00%,others
sunamco,winamco,1,0.00%,others
swaleherajabu,mwamvitarajabu,1,0.00%,others
sweeden,green,1,0.00%,others
taasi,tansi,1,0.00%,others
tabomacommunity,adracommunity,1,0.00%,others
tacri,acra,1,0.00%,others
tadeo,iado,1,0.00%,others
taees,taes,1,0.00%,others
taes,taees,1,0.00%,others
taipo,shipo,1,0.00%,others
tajirijumbelila,africamuslim,1,0.00%,others
tancan,tanap,1,0.00%,others
tancro,tacri,1,0.00%,others
tanedapssociety,waterauthority,1,0.00%,others
tangacement,tancan,1,0.00%,others
tanload,tanroad,1,0.00%,others
tansi,taasi,1,0.00%,others
tanza,tanz,1,0.00%,others
tanzaniaegypt,tanzania,1,0.00%,others
tanzaniaegypttechnicalcoop,tanzegypttechnicalcoopera,1,0.00%,others
tarangirepark,irangovern,1,0.00%,others
tareto,ereto,1,0.00%,others
tasaf1,tasaf,1,0.00%,others
tasafandcomunity,mtuwasaandcommunity,1,0.00%,others
tasafandlga,tasafandmmem,1,0.00%,others
tasafandmmem,tasafandlga,1,0.00%,others
tasafcitizenandlga,tasafandlga,1,0.00%,others
tasaftlc,tasaf,1,0.00%,others
tasf,tasa,1,0.00%,others
tbl,abd,1,0.00%,others
tcrsa,tcrs,1,0.00%,tcrs
tcrstassaf,tcrstwesa,1,0.00%,tcrs
tcrsvillagecommunity,dadsvillagecommunity,1,0.00%,tcrs
te,ce,1,0.00%,others
teamrafiki,tabraki,1,0.00%,others
techsupportbestco,humfreysco,1,0.00%,others
teonaswambura,rhobiwamburs,1,0.00%,others
ter,te,1,0.00%,others
teresamunyama,africamuslim,1,0.00%,others
tgt,tgts,1,0.00%,others
theco,theo,1,0.00%,others
theo,theco,1,0.00%,others
thomasibusigaye,yohanismgaya,1,0.00%,others
threewaygerman,german,1,0.00%,others
tinaafricare,africare,1,0.00%,others
tlccommunity,community,1,0.00%,others
tlcemmanuelkasoga,emmanuelkiswagala,1,0.00%,others
tlcjenusmalecha,tlcjohnmajala,1,0.00%,others
tlcnyengesamasanja,tlcjenusmalecha,1,0.00%,others
tlcsamora,tlcsorri,1,0.00%,others
tlcselemanmangombe,selemanmasoud,1,0.00%,others
tlcsorri,tacri,1,0.00%,others
tlcthimotheomasunga,tlcemmanuelkasoga,1,0.00%,others
tmn,tmp,1,0.00%,others
tmp,mp,1,0.00%,others
tove,gove,1,0.00%,others
trc,irc,1,0.00%,others
tscr,nsc,1,0.00%,others
tsrc,trc,1,0.00%,others
tukwaleenterp,tukwareenterp,1,0.00%,others
tukwareenterp,tukwaleenterp,1,0.00%,others
twendepamoja,tlcsamora,1,0.00%,others
twesajamii,benjamin,1,0.00%,others
twess,twesa,1,0.00%,others
twig,lwi,1,0.00%,others
tzas,atlas,1,0.00%,others
uaacc,aar,1,0.00%,others
ubaloziwajapani,ubaloziwamarekani,1,0.00%,others
ubaloziwamarekanidwe,ubaloziwamarekani,1,0.00%,dwe
udea,idea,1,0.00%,others
umojadrillingcontractor,umojadrillingcontructo,1,0.00%,others
umojadrillingcontructo,umojadrillingcontractor,1,0.00%,others
unhabitat,caritas,1,0.00%,others
unicrf,unicef,1,0.00%,others
unknowninstaller,unknown,1,0.00%,others
upendogroup,ngelepogroup,1,0.00%,others
upendoprimaryschool,spcpreprimaryschool,1,0.00%,others
upm,apm,1,0.00%,others
upperruvu,morrov,1,0.00%,others
usaembassy,usembassy,1,0.00%,others
usaid,usa,1,0.00%,others
usambalasisters,ireveasister,1,0.00%,others
v,,1,0.00%,others
vc,ac,1,0.00%,others
vicf,icf,1,0.00%,others
vifaf,vifafi,1,0.00%,others
vifai,vifaf,1,0.00%,others
villagecommunitymembers,villagecommunity,1,0.00%,others
villagecounciloda,villagecouncil,1,0.00%,local_govt
villagelocalcontractor,chinahenancontractor,1,0.00%,others
villageoffice,villagecounil,1,0.00%,others
villagerd,villager,1,0.00%,others
villages,village,1,0.00%,others
villagetechnician,privatetechnician,1,0.00%,others
villagewaterattendant,villagegovernment,1,0.00%,others
villagewatercommission,villagewatercommittee,1,0.00%,others
villegecouncil,villagecouncil,1,0.00%,local_govt
villi,vill,1,0.00%,others
villigers,villagers,1,0.00%,others
vitecosinvest,vitecos,1,0.00%,others
vodacom,adam,1,0.00%,others
vwt,dwt,1,0.00%,others
wafidh,wahidi,1,0.00%,others
waheke,kahema,1,0.00%,others
wahidi,wafidh,1,0.00%,others
waitaliano,britain,1,0.00%,others
wama,wamba,1,0.00%,others
wamba,wama,1,0.00%,others
wamisionariwakikatoriki,wamissionariwakikatoriki,1,0.00%,others
wamissionariwakikatoriki,wamisionariwakikatoriki,1,0.00%,others
wananchitechnicians,localltechnician,1,0.00%,others
warento,tareto,1,0.00%,others
wasab,tasa,1,0.00%,others
washima,wachina,1,0.00%,others
wateraiddwe,wateraid,1,0.00%,dwe
wateraidmajitech,wateraiddwe,1,0.00%,others
wateraids,wateraid,1,0.00%,others
waterboards,waterboard,1,0.00%,others
watersema,wateraidsema,1,0.00%,others
watersolution,resolute,1,0.00%,others
waterusegroup,waterusergroup,1,0.00%,others
waterusergroup,waterusegroup,1,0.00%,others
wbk,wb,1,0.00%,others
wde,de,1,0.00%,others
wdeco,wadeco,1,0.00%,others
wdp,adp,1,0.00%,others
weepers,maerere,1,0.00%,others
williamacles,villages,1,0.00%,others
wilson,dimon,1,0.00%,others
winamco,winamuco,1,0.00%,others
winamuco,winamco,1,0.00%,others
winkyens,inves,1,0.00%,others
wizara,idara,1,0.00%,others
wizrayamajinaegypt,wizarayamaji,1,0.00%,others
word,world,1,0.00%,others
worddivisio,worlddivision,1,0.00%,worldvision
wordlbank,wordbank,1,0.00%,others
worldnk,world,1,0.00%,others
worldvisiin,worldvision,1,0.00%,worldvision
woyege,college,1,0.00%,others
wssp,rssp,1,0.00%,others
wus,wcs,1,0.00%,others
ww,dw,1,0.00%,others
yakwetucontractor,ampcontractor,1,0.00%,others
yasini,dasip,1,0.00%,others
yasiniselemani,kanisani,1,0.00%,others
yohanismgaya,hasawa,1,0.00%,others
yorokomwalongo,ngomango,1,0.00%,others
zaburiandneighbors,aquarmandrillers,1,0.00%,others
zao,bao,1,0.00%,others
zaowaterspringx,zaowaterspring,1,0.00%,others
zinduka,benguka,1,0.00%,others
zingibalisecondary,kagungulisecondary,1,0.00%,others
zubermihungo,namungo,1,0.00%,others
