installer_uniq,installer_closest,installer_counts,installer_counts_pct
"",0,3658,0.0615824915824916
0,"",777,0.0130808080808081
aar,ar,4,6.73400673400673e-05
aartisa,artisan,1,1.68350168350168e-05
abasia,obadia,29,0.000488215488215488
abd,ad,1,1.68350168350168e-05
abdala,abdul,1,1.68350168350168e-05
abdallahallywazir,marijanallydadi,1,1.68350168350168e-05
abdul,abd,1,1.68350168350168e-05
ac,act,2,3.36700336700337e-05
accra,acra,30,0.000505050505050505
acord,accra,3,5.05050505050505e-05
acra,accra,278,0.00468013468013468
act,ac,1,1.68350168350168e-05
actionaid,acord,2,3.36700336700337e-05
actioncontrelafaim,actionaid,9,0.000151515151515152
activekmk,activemkm,1,1.68350168350168e-05
activemkm,activekmk,26,0.000437710437710438
activetankco,activetankcoltd,9,0.000151515151515152
activetankcoltd,activetankco,2,3.36700336700337e-05
actmara,accra,1,1.68350168350168e-05
ad,abd,14,0.000235690235690236
adam,adap,2,3.36700336700337e-05
adamkea,adam,1,1.68350168350168e-05
adammualuaka,adamkea,1,1.68350168350168e-05
adap,adam,4,6.73400673400673e-05
adb,ad,6,0.000101010101010101
adp,ad,19,0.00031986531986532
adpbusangi,napupanga,14,0.000235690235690236
adra,acra,135,0.00227272727272727
adracommunity,arabcommunity,132,0.00222222222222222
adragovernment,tcrsgovernment,9,0.000151515151515152
adrs,adra,1,1.68350168350168e-05
af,ac,29,0.000488215488215488
africa,africam,6,0.000101010101010101
africaaminialama,africamuslim,2,3.36700336700337e-05
africaislamicagencytanzania,islamicagencytanzania,3,5.05050505050505e-05
africam,africa,1,1.68350168350168e-05
africamuslim,africam,1,1.68350168350168e-05
africamuslimagenc,africanmuslimsage,2,3.36700336700337e-05
africandevelopmentfoundation,africanreflectionsfoundation,6,0.000101010101010101
africanmuslimsage,africamuslimagenc,2,3.36700336700337e-05
africanrealiefcommitteofku,africanmuslimsage,2,3.36700336700337e-05
africanreflectionsfoundation,africandevelopmentfoundation,1,1.68350168350168e-05
africaone,africare,1,1.68350168350168e-05
africaoneltd,africaone,1,1.68350168350168e-05
africare,africa,2,3.36700336700337e-05
afrozismail,aartisa,1,1.68350168350168e-05
agrican,africa,1,1.68350168350168e-05
ahmad,amadi,1,1.68350168350168e-05
ai,ac,11,0.000185185185185185
aic,ac,10,0.000168350168350168
aicki,aic,1,1.68350168350168e-05
aict,act,84,0.00141414141414141
aimgold,acord,9,0.000151515151515152
aixos,oikos,1,1.68350168350168e-05
alexmoyela,adamkea,1,1.68350168350168e-05
alha,alia,1,1.68350168350168e-05
alia,alha,1,1.68350168350168e-05
allys,atlas,1,1.68350168350168e-05
altaicoltd,jlhcoltd,1,1.68350168350168e-05
amadi,amari,1,1.68350168350168e-05
amari,amadi,1,1.68350168350168e-05
amboniplantation,bingofoundation,5,8.41750841750842e-05
ambrose,adrs,1,1.68350168350168e-05
ambwenemwaikeke,mzeemabena,1,1.68350168350168e-05
amec,ac,2,3.36700336700337e-05
american,agrican,1,1.68350168350168e-05
ampcontract,ampcontracts,6,0.000101010101010101
ampcontractor,ampcontract,9,0.000151515151515152
ampcontracts,ampcontract,6,0.000101010101010101
amref,amec,443,0.00745791245791246
angli,ai,97,0.00163299663299663
anglicachurch,anglicanchurch,1,1.68350168350168e-05
anglican,anglikan,2,3.36700336700337e-05
anglicanchurch,anglicachurch,6,0.000101010101010101
anglicanuganda,anglican,2,3.36700336700337e-05
anglikan,anglican,1,1.68350168350168e-05
anglikana,anglikan,1,1.68350168350168e-05
anglikanachurch,anglicanchurch,1,1.68350168350168e-05
angrikana,anglikana,8,0.000134680134680135
ansnanimurij,hasneinmurij,1,1.68350168350168e-05
answar,aar,1,1.68350168350168e-05
apm,upm,2,3.36700336700337e-05
aqal,aqual,2,3.36700336700337e-05
aquabluesangels,adpbusangi,1,1.68350168350168e-05
aqual,aqal,1,1.68350168350168e-05
aquarmandrillers,aqwamandrilling,2,3.36700336700337e-05
aquawat,aquawel,1,1.68350168350168e-05
aquawel,aqual,2,3.36700336700337e-05
aqwamandrilling,aquarmandrillers,1,1.68350168350168e-05
ar,aar,2,3.36700336700337e-05
arabcommunity,arabscommunity,1,1.68350168350168e-05
arabscommunity,arabcommunity,2,3.36700336700337e-05
ardhiandpetcompanies,wassocompanies,1,1.68350168350168e-05
ardhiinstute,dhinu,3,5.05050505050505e-05
ardhiwaterwell,ardhiwaterwells,11,0.000185185185185185
ardhiwaterwells,ardhiwaterwell,1,1.68350168350168e-05
arisan,artisan,1,1.68350168350168e-05
arrian,agrican,1,1.68350168350168e-05
artisan,arisan,135,0.00227272727272727
asdp,adp,2,3.36700336700337e-05
athumaniissa,athumanijanguo,1,1.68350168350168e-05
athumanijanguo,athumaniissa,2,3.36700336700337e-05
atighbuildings,cfbuilders,10,0.000168350168350168
atisan,arisan,4,6.73400673400673e-05
atlas,allys,1,1.68350168350168e-05
atlascompany,kilwacompany,5,8.41750841750842e-05
australia,ustawi,4,6.73400673400673e-05
auwasa,kuwasa,10,0.000168350168350168
baadela,abdala,1,1.68350168350168e-05
babtest,bahresa,1,1.68350168350168e-05
babusajin,babusajini,1,1.68350168350168e-05
babusajini,babusajin,1,1.68350168350168e-05
bahresa,baadela,1,1.68350168350168e-05
balyeh,malec,1,1.68350168350168e-05
bao,bap,1,1.68350168350168e-05
bap,bao,1,1.68350168350168e-05
baptistchurch,batistchurch,1,1.68350168350168e-05
baptistchurchoftanzania,baptistchurch,1,1.68350168350168e-05
baric,aic,7,0.000117845117845118
barryamurphy,africamuslim,1,1.68350168350168e-05
batistchurch,baptistchurch,1,1.68350168350168e-05
belgiamgovernment,britishgovernment,8,0.000134680134680135
belgij,engin,3,5.05050505050505e-05
bemanda,emanda,1,1.68350168350168e-05
benguka,buguba,13,0.000218855218855219
benjamin,britain,1,1.68350168350168e-05
besada,besado,26,0.000437710437710438
besado,besada,1,1.68350168350168e-05
bffs,bgss,5,8.41750841750842e-05
bgm,ggm,21,0.000353535353535354
bgss,bffs,1,1.68350168350168e-05
bhokemwita,mbusimwita,1,1.68350168350168e-05
bilila,villa,5,8.41750841750842e-05
billyphillips,bilila,1,1.68350168350168e-05
bingofoundation,kujifoundation,2,3.36700336700337e-05
bingofoundationgermany,bingofoundation,1,1.68350168350168e-05
biore,acord,5,8.41750841750842e-05
birage,biore,1,1.68350168350168e-05
bkhws,bffs,1,1.68350168350168e-05
boazi,boni,1,1.68350168350168e-05
bobby,boazi,3,5.05050505050505e-05
bokeraw,bra,2,3.36700336700337e-05
bomasaving,babusajin,1,1.68350168350168e-05
boni,boazi,1,1.68350168350168e-05
bonitebottlesltd,africaoneltd,1,1.68350168350168e-05
br,ar,8,0.000134680134680135
bra,br,1,1.68350168350168e-05
brad,bra,1,1.68350168350168e-05
bridgenorth,bruder,4,6.73400673400673e-05
britain,arisan,1,1.68350168350168e-05
british,britain,1,1.68350168350168e-05
britishcolonialgovernment,colonialgovernment,3,5.05050505050505e-05
britishgovernment,belgiamgovernment,1,1.68350168350168e-05
brown,bao,1,1.68350168350168e-05
bruder,rude,16,0.000269360269360269
bsf,isf,35,0.000589225589225589
buguba,buruba,3,5.05050505050505e-05
buildingworkscompanyltd,buildingworksengineeringltd,3,5.05050505050505e-05
buildingworksengineeringltd,buildingworkscompanyltd,1,1.68350168350168e-05
bukumb,buguba,1,1.68350168350168e-05
bulyahunlugoldmine,tulawakagoldmine,8,0.000134680134680135
bumabu,buguba,1,1.68350168350168e-05
buruba,buguba,1,1.68350168350168e-05
busogatrust,trust,1,1.68350168350168e-05
c,"",1,1.68350168350168e-05
caltas,caltus,4,6.73400673400673e-05
caltazkahama,caltas,1,1.68350168350168e-05
caltus,caltas,4,6.73400673400673e-05
calvaryconnection,manyaraconstruction,2,3.36700336700337e-05
camartec,carmatech,1,1.68350168350168e-05
canadanatanzania,cartastanzania,12,0.000202020202020202
canop,cap,13,0.000218855218855219
cap,bap,1,1.68350168350168e-05
care,aar,1,1.68350168350168e-05
carecipro,cipro,1,1.68350168350168e-05
careinternational,planinternational,24,0.000404040404040404
caritas,cartas,3,5.05050505050505e-05
carmatech,camartec,1,1.68350168350168e-05
cartas,caltas,9,0.000151515151515152
cartastanzania,canadanatanzania,4,6.73400673400673e-05
cast,act,4,6.73400673400673e-05
cathoric,rccathoric,1,1.68350168350168e-05
cbhcc,ccec,41,0.00069023569023569
ccec,amec,29,0.000488215488215488
ccp,cap,1,1.68350168350168e-05
ccpk,ccp,1,1.68350168350168e-05
ccps,ccp,2,3.36700336700337e-05
cct,act,9,0.000151515151515152
cdt,cct,1,1.68350168350168e-05
cdtf,cdt,50,0.000841750841750842
ce,c,23,0.000387205387205387
cebtralgovernment,centralgovernment,5,8.41750841750842e-05
cefa,ce,90,0.00151515151515152
cefarcchurch,rcchurch,1,1.68350168350168e-05
centalgovernment,centralgovernment,6,0.000101010101010101
centr,contr,162,0.00272727272727273
centragovernment,centralgovernment,1,1.68350168350168e-05
centragovt,centralgovt,1,1.68350168350168e-05
centralbasin,centralgovt,1,1.68350168350168e-05
centralgovernment,cebtralgovernment,763,0.0128451178451178
centralgovt,centragovt,138,0.00232323232323232
ces,ce,610,0.0102693602693603
cetralgovernmentrc,cebtralgovernment,1,1.68350168350168e-05
cfbuilders,shybuilders,1,1.68350168350168e-05
cg,c,19,0.00031986531986532
cgi,cg,1,1.68350168350168e-05
cgrc,care,1,1.68350168350168e-05
ch,c,35,0.000589225589225589
chacha,acra,2,3.36700336700337e-05
chachaissame,chacha,1,1.68350168350168e-05
chamachaushirika,halmashauri,1,1.68350168350168e-05
chamavita,mahita,75,0.00126262626262626
chandeco,chinaco,1,1.68350168350168e-05
chani,cheni,2,3.36700336700337e-05
charlottewell,shallowwell,1,1.68350168350168e-05
chela,cefa,1,1.68350168350168e-05
cheni,chani,3,5.05050505050505e-05
chiko,china,5,8.41750841750842e-05
china,mchina,9,0.000151515151515152
chinaco,china,1,1.68350168350168e-05
chinahenanconstuction,chinahenancontractor,1,1.68350168350168e-05
chinahenancontractor,chinahenanconstuction,10,0.000168350168350168
chinese,china,1,1.68350168350168e-05
chonjacharles,piuscharles,1,1.68350168350168e-05
christanoutrich,christianoutrich,1,1.68350168350168e-05
christianoutrich,christanoutrich,2,3.36700336700337e-05
christinamagoge,christanoutrich,1,1.68350168350168e-05
christopher,rished,1,1.68350168350168e-05
chuo,chur,1,1.68350168350168e-05
chur,chuo,17,0.000286195286195286
churc,chur,1,1.68350168350168e-05
church,churc,5,8.41750841750842e-05
churchofdisciples,chachaissame,1,1.68350168350168e-05
cida,fida,1,1.68350168350168e-05
cip,cap,2,3.36700336700337e-05
cipro,cpro,2,3.36700336700337e-05
ciprocare,africare,3,5.05050505050505e-05
ciprocaretcrs,ciprocare,6,0.000101010101010101
ciprogovernment,misrigovernment,21,0.000353535353535354
citizenengine,chinese,17,0.000286195286195286
cjej0,cjejow,1,1.68350168350168e-05
cjejow,cjej0,3,5.05050505050505e-05
cjejowconstruction,mkonconstruction,27,0.000454545454545455
clauseworkers,nasanworkers,6,0.000101010101010101
claver,care,1,1.68350168350168e-05
cmsr,cast,24,0.000404040404040404
co,c,55,0.000925925925925926
cobashec,camartec,3,5.05050505050505e-05
cocane,care,27,0.000454545454545455
cocu,ccp,1,1.68350168350168e-05
coek,coew,2,3.36700336700337e-05
coew,coek,1,1.68350168350168e-05
college,ecolodge,1,1.68350168350168e-05
colonialgovernment,centalgovernment,3,5.05050505050505e-05
commu,cocu,1065,0.0179292929292929
communit,community,54,0.000909090909090909
community,communit,555,0.00934343434343434
communitybank,community,1,1.68350168350168e-05
compa,commu,2,3.36700336700337e-05
company,compa,1,1.68350168350168e-05
compasioninternatio,planinternationa,1,1.68350168350168e-05
comunity,community,2,3.36700336700337e-05
conce,concen,12,0.000202020202020202
concen,conce,4,6.73400673400673e-05
concern,concen,40,0.000673400673400673
concerngovernment,centragovernment,9,0.000151515151515152
cons,boni,31,0.000521885521885522
consultant,semaconsultant,12,0.000202020202020202
consultantanddwe,consultant,5,8.41750841750842e-05
consultantengineer,consultingengineer,11,0.000185185185185185
consultingengineer,consutingengineer,119,0.002003367003367
consutingengineer,consultingengineer,21,0.000353535353535354
conta,contr,1,1.68350168350168e-05
contr,centr,8,0.000134680134680135
cosmo,commu,22,0.00037037037037037
cosmosengineering,makeengineering,12,0.000202020202020202
cosmosengltd,communit,7,0.000117845117845118
coun,counc,8,0.000134680134680135
counc,coun,5,8.41750841750842e-05
council,counc,8,0.000134680134680135
cow,co,1,1.68350168350168e-05
cowi,cow,1,1.68350168350168e-05
coyi,cowi,1,1.68350168350168e-05
cpro,cipro,5,8.41750841750842e-05
craelius,caltus,1,1.68350168350168e-05
crety,ereto,1,1.68350168350168e-05
cristanoutrich,christanoutrich,1,1.68350168350168e-05
crs,ces,1,1.68350168350168e-05
cspd,cap,5,8.41750841750842e-05
cultus,caltus,2,3.36700336700337e-05
cvsmiss,cmsr,1,1.68350168350168e-05
d,"",10,0.000168350168350168
da,d,308,0.00518518518518519
dadis,dads,1,1.68350168350168e-05
dadp,adp,2,3.36700336700337e-05
dads,dadis,17,0.000286195286195286
dadsvillagecommunity,tcrsvillagecommunity,8,0.000134680134680135
dak,da,11,0.000185185185185185
daldo,dardo,12,0.000202020202020202
danda,danida,1,1.68350168350168e-05
daniad,danid,1,1.68350168350168e-05
danid,daniad,624,0.0105050505050505
danida,danda,1050,0.0176767676767677
danidaco,danida,1,1.68350168350168e-05
danids,danid,1,1.68350168350168e-05
daniel,daniad,1,1.68350168350168e-05
dannida,danida,1,1.68350168350168e-05
danny,danda,2,3.36700336700337e-05
dardo,daldo,6,0.000101010101010101
daressalaamroundtable,daressalaamtechnician,1,1.68350168350168e-05
daressalaamtechnician,localltechnician,1,1.68350168350168e-05
dasip,dasp,6,0.000101010101010101
dasp,dadp,2,3.36700336700337e-05
dassip,dasip,2,3.36700336700337e-05
dawasa,tawasa,1,1.68350168350168e-05
dawasco,dawasa,65,0.00109427609427609
dawe,dwe,1,1.68350168350168e-05
dbfpe,dbspe,3,5.05050505050505e-05
dbsp,dasp,1,1.68350168350168e-05
dbspe,dbfpe,5,8.41750841750842e-05
dcca,ddca,2,3.36700336700337e-05
dct,act,7,0.000117845117845118
ddca,dcca,126,0.00212121212121212
ddcaco,ddca,2,3.36700336700337e-05
ddp,adp,2,3.36700336700337e-05
ddsa,ddca,1,1.68350168350168e-05
de,ce,2,3.36700336700337e-05
ded,de,105,0.00176767676767677
dee,de,4,6.73400673400673e-05
denish,dadis,2,3.36700336700337e-05
deogra,deska,1,1.68350168350168e-05
deska,deskc,2,3.36700336700337e-05
deskandchairfoundation,thedeskandchairfoundat,2,3.36700336700337e-05
deskc,deska,5,8.41750841750842e-05
deusndege,jumandege,1,1.68350168350168e-05
dew,de,1,1.68350168350168e-05
dfid,danid,1,1.68350168350168e-05
dh,ch,202,0.0034006734006734
dhinu,china,3,5.05050505050505e-05
dhv,dh,54,0.000909090909090909
dhvmoro,dhv,1,1.68350168350168e-05
di,ai,1,1.68350168350168e-05
dimon,aixos,1,1.68350168350168e-05
dina,china,1,1.68350168350168e-05
dioceseofgeita,oikoseafrica,4,6.73400673400673e-05
dioceseofmountkilimanjaro,lionsclubkilimanjaro,1,1.68350168350168e-05
distri,diwani,181,0.00304713804713805
districtcommunityj,districtcounci,1,1.68350168350168e-05
districtcounci,districtcouncil,13,0.000218855218855219
districtcouncil,districtcounci,965,0.0162457912457912
districtwaterdepar,districtwaterdepartment,46,0.000774410774410775
districtwaterdepartment,districwaterdepartment,167,0.00281144781144781
districwaterdepartment,districtwaterdepartment,1,1.68350168350168e-05
diwani,chani,3,5.05050505050505e-05
dl,d,1,1.68350168350168e-05
dmdd,dmmd,376,0.00632996632996633
dmddsolider,soliderm,1,1.68350168350168e-05
dmk,dak,2,3.36700336700337e-05
dmmd,dmdd,1,1.68350168350168e-05
do,co,37,0.000622895622895623
doddea,danda,2,3.36700336700337e-05
doktamwandulami,totallandcare,1,1.68350168350168e-05
domnik,boni,1,1.68350168350168e-05
drmatobola,drmatomola,7,0.000117845117845118
drmatomola,drmatobola,10,0.000168350168350168
dsp,dasp,1,1.68350168350168e-05
dspu,dsp,1,1.68350168350168e-05
dsv,dhv,2,3.36700336700337e-05
duwas,auwasa,8,0.000134680134680135
dv,d,1,1.68350168350168e-05
dw,d,248,0.00417508417508418
dwe,dawe,17428,0.293400673400673
dweanglicanchurch,anglicanchurch,1,1.68350168350168e-05
dweb,dwe,1,1.68350168350168e-05
dwelwi,dew,1,1.68350168350168e-05
dwetassaf,tassaf,2,3.36700336700337e-05
dweubaloziwamarekani,ubaloziwamarekani,1,1.68350168350168e-05
dwr,dw,12,0.000202020202020202
dwsp,dasp,192,0.00323232323232323
dwt,dct,2,3.36700336700337e-05
dww,dew,1,1.68350168350168e-05
dydrotec,hydrotec,1,1.68350168350168e-05
ea,da,5,8.41750841750842e-05
eastmerumediumschool,princemediumschool,1,1.68350168350168e-05
ecolodge,college,1,1.68350168350168e-05
edward,dardo,2,3.36700336700337e-05
eeto,ereto,1,1.68350168350168e-05
ef,af,1,1.68350168350168e-05
efam,efarm,4,6.73400673400673e-05
efarm,efam,2,3.36700336700337e-05
efg,ef,18,0.000303030303030303
egypt,elct,1,1.68350168350168e-05
egyptgovernment,adragovernment,2,3.36700336700337e-05
egyptregwa,egypt,1,1.68350168350168e-05
egypttechnicalcooperation,tanzegypttechnicalcoopera,1,1.68350168350168e-05
el,dl,7,0.000117845117845118
elca,elct,1,1.68350168350168e-05
elct,elca,5,8.41750841750842e-05
eliasmahemba,mahemba,2,3.36700336700337e-05
elina,eliza,1,1.68350168350168e-05
eliuschacha,chacha,1,1.68350168350168e-05
eliza,elina,3,5.05050505050505e-05
emanda,bemanda,1,1.68350168350168e-05
emandabuilders,cfbuilders,1,1.68350168350168e-05
emayo,maro,1,1.68350168350168e-05
embasyofjapanintanzania,canadanatanzania,1,1.68350168350168e-05
emmanuelkiswagala,emmanuelkitaponda,1,1.68350168350168e-05
emmanuelkitaponda,emmanuelkiswagala,1,1.68350168350168e-05
engaraserovillagers,aquarmandrillers,1,1.68350168350168e-05
engin,ongan,3,5.05050505050505e-05
engineerswithoutborder,insititutiona,1,1.68350168350168e-05
eno,no,2,3.36700336700337e-05
enyuati,enyueti,1,1.68350168350168e-05
enyueti,enyuati,3,5.05050505050505e-05
ereto,eeto,27,0.000454545454545455
esawa,hesawa,2,3.36700336700337e-05
esterndege,deusndege,1,1.68350168350168e-05
europeanunion,petropatrice,9,0.000151515151515152
ewe,dwe,1,1.68350168350168e-05
exaudmsambwa,adamkea,11,0.000185185185185185
f,"",3,5.05050505050505e-05
fabia,alia,1,1.68350168350168e-05
fao,bao,1,1.68350168350168e-05
farmafrica,africa,2,3.36700336700337e-05
fathe,luthe,22,0.00037037037037037
faudhtamimu,faustine,2,3.36700336700337e-05
faustine,fathe,1,1.68350168350168e-05
fida,cida,1,1.68350168350168e-05
filber,inter,1,1.68350168350168e-05
filexmuganga,alexmoyela,1,1.68350168350168e-05
finiwater,finnwater,389,0.00654882154882155
finland,finwate,2,3.36700336700337e-05
finlandgovernment,villagegovernment,16,0.000269360269360269
finnwater,finiwater,33,0.000555555555555556
finw,dina,208,0.0035016835016835
finwate,finwater,1,1.68350168350168e-05
finwater,finiwater,153,0.00257575757575758
floresta,bahresa,3,5.05050505050505e-05
folac,ola,2,3.36700336700337e-05
foreigne,orien,2,3.36700336700337e-05
fpct,act,14,0.000235690235690236
fpctchurch,kkktchurch,1,1.68350168350168e-05
fptc,fpct,2,3.36700336700337e-05
frankfurt,makuru,1,1.68350168350168e-05
freepentecostechurchoftanz,pentecostchurch,4,6.73400673400673e-05
freshwaterplcengland,ardhiwaterwell,1,1.68350168350168e-05
fridamokeki,adamkea,1,1.68350168350168e-05
friedkinconservationfund,kimkimconstruction,1,1.68350168350168e-05
friendfromun,redcross,1,1.68350168350168e-05
furahiatrading,britain,3,5.05050505050505e-05
fw,dw,173,0.00291245791245791
ga,da,42,0.000707070707070707
gachumaconstruction,makamaconstruction,1,1.68350168350168e-05
gachumaginery,athumaniissa,3,5.05050505050505e-05
gaica,jaica,5,8.41750841750842e-05
gain,ai,10,0.000168350168350168
gdid,ded,2,3.36700336700337e-05
gdp,adp,1,1.68350168350168e-05
geitagoldmain,goldmain,3,5.05050505050505e-05
gen,ce,55,0.000925925925925926
geochaina,china,4,6.73400673400673e-05
george,biore,2,3.36700336700337e-05
georgemtoto,george,1,1.68350168350168e-05
georgemtotocompany,georgemtoto,1,1.68350168350168e-05
geotan,german,24,0.000404040404040404
gerald,brad,1,1.68350168350168e-05
geraldmila,gerald,1,1.68350168350168e-05
german,germany,1,1.68350168350168e-05
germanmissionsry,germanymissionary,1,1.68350168350168e-05
germany,german,8,0.000134680134680135
germanymissionary,germanmissionsry,9,0.000151515151515152
gesine,elina,1,1.68350168350168e-05
getdsc00,gesine,1,1.68350168350168e-05
getekwe,mtewe,1,1.68350168350168e-05
ggm,bgm,1,1.68350168350168e-05
gidacontractor,lindicontractor,5,8.41750841750842e-05
globalresourceco,grobalresourcealliance,1,1.68350168350168e-05
globalresourceconstruction,globalresourceco,1,1.68350168350168e-05
go,co,98,0.00164983164983165
goldmain,gain,1,1.68350168350168e-05
goldstar,goldmain,17,0.000286195286195286
goldwillfoundation,kujifoundation,1,1.68350168350168e-05
got,go,1,1.68350168350168e-05
gove,gover,222,0.00373737373737374
gover,gove,511,0.0086026936026936
goverm,gover,3,5.05050505050505e-05
govern,gover,27,0.000454545454545455
governme,governmen,5,8.41750841750842e-05
governmen,governme,1,1.68350168350168e-05
government,governmen,1891,0.0318350168350168
governmentandcommunity,governmentcommunity,2,3.36700336700337e-05
governmentcommunity,governmentandcommunity,1,1.68350168350168e-05
governmentofmisri,governmentsda,1,1.68350168350168e-05
governmentsda,government,1,1.68350168350168e-05
governmenttcrs,government,2,3.36700336700337e-05
governmentworldvision,governmentofmisri,1,1.68350168350168e-05
gra,bra,3,5.05050505050505e-05
grailmissionkisekibar,germanmissionsry,1,1.68350168350168e-05
gratzmusoma,drmatomola,1,1.68350168350168e-05
greatlakes,greinaker,1,1.68350168350168e-05
greec,green,5,8.41750841750842e-05
green,greec,2,3.36700336700337e-05
greinaker,greineker,3,5.05050505050505e-05
greineker,greinaker,2,3.36700336700337e-05
grobalresourcealliance,globalresourceco,16,0.000269360269360269
grumenti,grumeti,1,1.68350168350168e-05
grumet,grumeti,1,1.68350168350168e-05
grumeti,grumenti,39,0.000656565656565657
grumetifund,grumeti,1,1.68350168350168e-05
grumetisingita,gurumetisagita,4,6.73400673400673e-05
gtz,ga,66,0.00111111111111111
gurumetisagita,gurumetisagitaco,2,3.36700336700337e-05
gurumetisagitaco,gurumetisagita,2,3.36700336700337e-05
gwasco,gwascol,2,3.36700336700337e-05
gwascol,gwasco,28,0.000471380471380471
gwaseco,gwasco,10,0.000168350168350168
gwitembe,getekwe,2,3.36700336700337e-05
h,"",86,0.00144781144781145
h4ccp,ccp,1,1.68350168350168e-05
ha,da,3,5.05050505050505e-05
haam,ham,1,1.68350168350168e-05
haidomulutheranchurch,lutheranchurch,1,1.68350168350168e-05
halimashauli,halmashauli,1,1.68350168350168e-05
halmashauli,halimashauli,3,5.05050505050505e-05
halmashauri,halmashauli,23,0.000387205387205387
halmashauriquickwinproject,quickwinproject,3,5.05050505050505e-05
halmashauriwilaya,halmashauriyawilaya,2,3.36700336700337e-05
halmashauriyamanispatabora,halmashauriyamburu,13,0.000218855218855219
halmashauriyamburu,halmashauriyawilaya,3,5.05050505050505e-05
halmashauriyawilaya,halmashauriwilaya,3,5.05050505050505e-05
halmashauriyawilayasikonge,halmashauriyawilaya,102,0.00171717171717172
ham,ha,12,0.000202020202020202
hamisifidia,hapasingida,1,1.68350168350168e-05
hamismakombo,eliasmahemba,1,1.68350168350168e-05
handenitrunkmain,anglikan,157,0.00264309764309764
hanja,danda,1,1.68350168350168e-05
hanjalt,hanja,2,3.36700336700337e-05
hans,chani,25,0.000420875420875421
hapa,hpa,10,0.000168350168350168
hapasingida,hamisifidia,34,0.000572390572390572
happywatotofoundation,bingofoundation,30,0.000505050505050505
harison,arisan,1,1.68350168350168e-05
hasawa,hesawa,1,1.68350168350168e-05
hashi,hospi,1,1.68350168350168e-05
hasneinmurij,ansnanimurij,1,1.68350168350168e-05
haydomlutheranhospital,hydomluthelani,1,1.68350168350168e-05
hdv,dv,2,3.36700336700337e-05
he,ce,125,0.0021043771043771
healt,act,9,0.000151515151515152
heartshelpinghandsinc,nerthlands,1,1.68350168350168e-05
heesaw,hesaw,1,1.68350168350168e-05
hemedabdalkah,hemedabdallah,1,1.68350168350168e-05
hemedabdallah,hemedabdalkah,1,1.68350168350168e-05
henuredema,deusndege,2,3.36700336700337e-05
herimission,rcmission,1,1.68350168350168e-05
hery,he,1,1.68350168350168e-05
hesaw,heesaw,2,3.36700336700337e-05
hesawa,esawa,1395,0.0234848484848485
hesawq,hesaw,1,1.68350168350168e-05
hesaws,hesaw,1,1.68350168350168e-05
hesawz,hesaw,2,3.36700336700337e-05
hesewa,hesawa,1,1.68350168350168e-05
hiap,adap,4,6.73400673400673e-05
hilfefurbruder,bruder,1,1.68350168350168e-05
hindu,dhinu,3,5.05050505050505e-05
holand,holland,1,1.68350168350168e-05
holiliwatersupply,losakiawatersupply,1,1.68350168350168e-05
holland,holand,31,0.000521885521885522
hospi,hashi,3,5.05050505050505e-05
hospital,hospi,2,3.36700336700337e-05
hotelandlodgetanzania,hotelsandloggstzltd,1,1.68350168350168e-05
hotelsandloggstzltd,hotelandlodgetanzania,1,1.68350168350168e-05
howardandhumfreyconsultant,howardandhumfreyconsultants,4,6.73400673400673e-05
howardandhumfreyconsultants,howardandhumfreyconsultant,1,1.68350168350168e-05
howardhumfreys,humfreysco,1,1.68350168350168e-05
hpa,ha,2,3.36700336700337e-05
hsw,sw,100,0.00168350168350168
huches,ces,1,1.68350168350168e-05
humfreysco,huches,1,1.68350168350168e-05
husseinayubu,hasneinmurij,1,1.68350168350168e-05
hwrc,cgrc,27,0.000454545454545455
hydomluthelani,lutheran,3,5.05050505050505e-05
hydrotec,dydrotec,22,0.00037037037037037
iado,ad,2,3.36700336700337e-05
icap,cap,1,1.68350168350168e-05
icf,ics,1,1.68350168350168e-05
icftwesa,rwetwesa,1,1.68350168350168e-05
ics,icf,25,0.000420875420875421
idara,adra,9,0.000151515151515152
idarayamaji,wizarayamaji,223,0.00375420875420875
idc,iec,5,8.41750841750842e-05
idea,udea,10,0.000168350168350168
idydc,idc,18,0.000303030303030303
iec,idc,8,0.000134680134680135
ifad,ad,25,0.000420875420875421
ifakara,idara,3,5.05050505050505e-05
igololacommunity,ilwilocommunity,1,1.68350168350168e-05
ikelawa,esawa,9,0.000151515151515152
ilaramataki,laramatak,1,1.68350168350168e-05
ilct,elct,23,0.000387205387205387
ilolanguluwatersupply,holiliwatersupply,2,3.36700336700337e-05
ilwilocommunity,igololacommunity,1,1.68350168350168e-05
in,ir,4,6.73400673400673e-05
indi,india,3,5.05050505050505e-05
india,indi,2,3.36700336700337e-05
indiv,indi,1,1.68350168350168e-05
individual,individuals,4,6.73400673400673e-05
individuals,individual,26,0.000437710437710438
inkinda,india,1,1.68350168350168e-05
insititutiona,institution,1,1.68350168350168e-05
institution,insititutiona,8,0.000134680134680135
institutional,insititutiona,1,1.68350168350168e-05
inter,inves,13,0.000218855218855219
internaldrainagebasin,centralbasin,1,1.68350168350168e-05
internationalaidservices,careinternational,1,1.68350168350168e-05
inves,inter,3,5.05050505050505e-05
ir,ar,122,0.00205387205387205
irangovern,govern,2,3.36700336700337e-05
irc,idc,2,3.36700336700337e-05
ireveasister,greinaker,4,6.73400673400673e-05
is,ics,156,0.00262626262626263
isf,bsf,135,0.00227272727272727
isfandtacare,isftacare,1,1.68350168350168e-05
isfgovernment,government,16,0.000269360269360269
isftacare,msftacare,13,0.000218855218855219
isftasaff,isftacare,1,1.68350168350168e-05
islam,islamic,6,0.000101010101010101
islamic,islam,20,0.000336700336700337
islamicagencytanzania,africaislamicagencytanzania,2,3.36700336700337e-05
islamiccommunity,ilwilocommunity,1,1.68350168350168e-05
issaakanyange,mamakalage,1,1.68350168350168e-05
issacmollel,samwel,4,6.73400673400673e-05
issamohameditumwanga,mohamadmasanga,1,1.68350168350168e-05
itali,ai,2,3.36700336700337e-05
italiangovernment,italygovernment,1,1.68350168350168e-05
italygovernment,italiangovernment,3,5.05050505050505e-05
iucn,icf,1,1.68350168350168e-05
ja,da,15,0.000252525252525253
jacks,jicks,1,1.68350168350168e-05
jacksonmahambo,jacksonmakore,1,1.68350168350168e-05
jacksonmakore,jacksonmahambo,1,1.68350168350168e-05
jafarymbaga,japanembassy,1,1.68350168350168e-05
jaica,gaica,239,0.00402356902356902
jaicaco,jaica,4,6.73400673400673e-05
jalca,jaica,1,1.68350168350168e-05
jandu,danda,1,1.68350168350168e-05
janduplumberco,magutumaro,59,0.000993265993265993
japan,hapa,10,0.000168350168350168
japanembassy,usaembassy,3,5.05050505050505e-05
japangovernment,adragovernment,1,1.68350168350168e-05
jawabu,bumabu,2,3.36700336700337e-05
jbg,abd,37,0.000622895622895623
jeica,jaica,12,0.000202020202020202
jerem,seram,1,1.68350168350168e-05
jeshilawokovu,jeshilawokovucida,5,8.41750841750842e-05
jeshilawokovucida,jeshilawokovu,1,1.68350168350168e-05
jhlcoltd,jlhcoltd,2,3.36700336700337e-05
ji,ai,1,1.68350168350168e-05
jica,jaica,141,0.00237373737373737
jicks,jacks,21,0.000353535353535354
jika,jica,26,0.000437710437710438
jiks,jicks,1,1.68350168350168e-05
jimmy,commu,1,1.68350168350168e-05
jlhcoltd,jhlcoltd,5,8.41750841750842e-05
jmalabdallah,hemedabdallah,1,1.68350168350168e-05
jmc,ac,1,1.68350168350168e-05
joerymagabe,jafarymbaga,1,1.68350168350168e-05
johngemutaco,johnkimindaco,1,1.68350168350168e-05
johnkimindaco,johngemutaco,1,1.68350168350168e-05
johnskwese,chinese,1,1.68350168350168e-05
josephnkunda,inkinda,1,1.68350168350168e-05
jsica,jaica,1,1.68350168350168e-05
ju,ja,1,1.68350168350168e-05
judgemchome,mchome,2,3.36700336700337e-05
juin,gain,4,6.73400673400673e-05
juinco,juineco,25,0.000420875420875421
juineco,juinco,1,1.68350168350168e-05
juma,jumaa,1,1.68350168350168e-05
jumaa,juma,1,1.68350168350168e-05
jumamakulilo,jumamaro,1,1.68350168350168e-05
jumamaro,jumaa,2,3.36700336700337e-05
jumandege,jumanne,1,1.68350168350168e-05
jumanne,juma,1,1.68350168350168e-05
jumannesiabo,jumanne,1,1.68350168350168e-05
jumuhia,jumuiya,1,1.68350168350168e-05
jumuiya,jumuhia,1,1.68350168350168e-05
justinemarwa,actmara,1,1.68350168350168e-05
jwtz,dwt,1,1.68350168350168e-05
k,"",2,3.36700336700337e-05
ka,da,46,0.000774410774410775
kadp,adp,20,0.000336700336700337
kaem,kaemp,1,1.68350168350168e-05
kaembe,kaem,3,5.05050505050505e-05
kaemp,kaem,30,0.000505050505050505
kageramine,german,1,1.68350168350168e-05
kagulo,kapelo,1,1.68350168350168e-05
kagungulisecondary,zingibalisecondary,1,1.68350168350168e-05
kahema,kaem,1,1.68350168350168e-05
kajima,kahema,1,1.68350168350168e-05
kalagoenterprisescoltd,rilayowaterproject,9,0.000151515151515152
kalitasi,kalitesi,24,0.000404040404040404
kalitesi,kalitasi,1,1.68350168350168e-05
kalta,kata,30,0.000505050505050505
kalugendo,karugendo,1,1.68350168350168e-05
kalumbwa,kaembe,9,0.000151515151515152
kaluwike,kalumbwa,3,5.05050505050505e-05
kamama,kahema,1,1.68350168350168e-05
kamataproject,camartec,1,1.68350168350168e-05
kambimigoko,aimgold,1,1.68350168350168e-05
kanamama,kamama,1,1.68350168350168e-05
kando,daldo,1,1.68350168350168e-05
kanisa,danida,7,0.000117845117845118
kanisakatoliki,kanisalatag,5,8.41750841750842e-05
kanisalatag,kanamama,1,1.68350168350168e-05
kanisani,kanisa,1,1.68350168350168e-05
kapelo,kagulo,1,1.68350168350168e-05
karugendo,kalugendo,11,0.000185185185185185
karumbabiuldin,ruvumabasin,1,1.68350168350168e-05
karumbabiuldingcompanyltd,karumbabuildingcompanyltd,1,1.68350168350168e-05
karumbabiuldingcontractor,saxonbuildingcontractor,1,1.68350168350168e-05
karumbabuildingcompanyltd,karumbabiuldingcompanyltd,2,3.36700336700337e-05
kashere,kahema,1,1.68350168350168e-05
kashwa,hasawa,5,8.41750841750842e-05
kassim,dassip,1,1.68350168350168e-05
kata,kalta,2,3.36700336700337e-05
kauzeni,kokeni,1,1.68350168350168e-05
kawinga,kinga,1,1.68350168350168e-05
kayempultd,kaemp,1,1.68350168350168e-05
kc,ac,1,1.68350168350168e-05
kdc,idc,1,1.68350168350168e-05
kdpa,adp,1,1.68350168350168e-05
kegocha,chacha,1,1.68350168350168e-05
kerebuka,benguka,3,5.05050505050505e-05
ki,ai,97,0.00163299663299663
kibahatowncouncil,villagecouncil,3,5.05050505050505e-05
kibo,ki,2,3.36700336700337e-05
kibopotry,kibo,1,1.68350168350168e-05
kidijas,kidika,1,1.68350168350168e-05
kidika,kidijas,1,1.68350168350168e-05
kidp,kadp,36,0.000606060606060606
kigomamunicipal,municipal,7,0.000117845117845118
kigwa,kinga,1,1.68350168350168e-05
kijiji,kajima,2,3.36700336700337e-05
kikom,kibo,1,1.68350168350168e-05
kilanganico,nyakilanganico,1,1.68350168350168e-05
kiliflora,bilila,13,0.000218855218855219
kilimarondoparish,loliondoparish,1,1.68350168350168e-05
kiliwater,kiliwaterr,248,0.00417508417508418
kiliwaterr,kiliwater,1,1.68350168350168e-05
killfloracommunity,igololacommunity,20,0.000336700336700337
killwater,kiliwater,2,3.36700336700337e-05
kilol,kibo,1,1.68350168350168e-05
kilolostar,goldstar,2,3.36700336700337e-05
kilomber,filber,2,3.36700336700337e-05
kilwacompany,regwacompany,9,0.000151515151515152
kilwater,kiliwater,25,0.000420875420875421
kimkimconstruction,mkonconstruction,19,0.00031986531986532
kimkum,kumkum,6,0.000101010101010101
kinapa,kinga,5,8.41750841750842e-05
kindorokowaterproject,rilayowaterproject,1,1.68350168350168e-05
kinga,dina,1,1.68350168350168e-05
kirdep,kidp,5,8.41750841750842e-05
kisiririadp,arrian,1,1.68350168350168e-05
kitiangarevillagecommunity,ngiresivillagecommunity,1,1.68350168350168e-05
kitukuniwatersupply,holiliwatersupply,1,1.68350168350168e-05
kiuma,juma,32,0.000538720538720539
kiwandachangozi,kkktndrumangeni,1,1.68350168350168e-05
kizenga,kinga,1,1.68350168350168e-05
kk,k,4,6.73400673400673e-05
kkkt,kkt,910,0.0153198653198653
kkktcanal,kkktmareu,1,1.68350168350168e-05
kkktchurch,fpctchurch,69,0.00116161616161616
kkktdiocesyapare,kkktcanal,10,0.000168350168350168
kkktdme,kkkt,2,3.36700336700337e-05
kkktkatitijuu,kkktkilinga,1,1.68350168350168e-05
kkktkilinga,mwakalinga,1,1.68350168350168e-05
kkktkondeanddwe,kkktcanal,166,0.00279461279461279
kkktleguruki,kkktchurch,1,1.68350168350168e-05
kkktmareu,kkktcanal,1,1.68350168350168e-05
kkktndrumangeni,kiwandachangozi,1,1.68350168350168e-05
kkt,kk,33,0.000555555555555556
kktc,kkt,5,8.41750841750842e-05
kmcl,jmc,10,0.000168350168350168
kmt,kkt,3,5.05050505050505e-05
ko,co,2,3.36700336700337e-05
koberg,gover,1,1.68350168350168e-05
kobergcontractor,mremicontractor,3,5.05050505050505e-05
koica,gaica,4,6.73400673400673e-05
kokeni,boni,30,0.000505050505050505
konoike,boni,14,0.000235690235690236
korea,koica,2,3.36700336700337e-05
korkonel,kokeni,1,1.68350168350168e-05
korogwewaterworks,ardhiwaterwells,23,0.000387205387205387
kowi,cowi,4,6.73400673400673e-05
koyi,coyi,1,1.68350168350168e-05
kprimary,prima,1,1.68350168350168e-05
ktac,ac,7,0.000117845117845118
ku,ju,1,1.68350168350168e-05
kuamu,adam,19,0.00031986531986532
kujifoundation,bingofoundation,1,1.68350168350168e-05
kumkum,kimkum,1,1.68350168350168e-05
kurrp,kadp,1,1.68350168350168e-05
kuwait,kuwaiti,195,0.00328282828282828
kuwaiti,kuwait,1,1.68350168350168e-05
kuwasa,auwasa,38,0.00063973063973064
kuweit,kuwait,1,1.68350168350168e-05
kw,dw,1,1.68350168350168e-05
kwamduluestate,ardhiinstute,1,1.68350168350168e-05
kwasenengegroup,waterusegroup,1,1.68350168350168e-05
kwikwiz,qwickwin,10,0.000168350168350168
kyariga,kajima,2,3.36700336700337e-05
kyashaenterpr,kyashaentrepr,23,0.000387205387205387
kyashaentrepr,kyashaenterpr,3,5.05050505050505e-05
kyelamorogoro,matogoro,1,1.68350168350168e-05
l,"",3,5.05050505050505e-05
laizer,claver,1,1.68350168350168e-05
lamp,adp,10,0.000168350168350168
laramatak,ilaramataki,2,3.36700336700337e-05
latifu,natio,1,1.68350168350168e-05
lawatefukawatersu,lawatefukawatersup,7,0.000117845117845118
lawatefukawatersup,lawatefukawatersu,180,0.00303030303030303
lc,ac,1,1.68350168350168e-05
ldep,adap,1,1.68350168350168e-05
lei,li,1,1.68350168350168e-05
lench,centr,6,0.000101010101010101
leopadabeid,besada,1,1.68350168350168e-05
lga,ga,413,0.00695286195286195
lgcdg,cdt,3,5.05050505050505e-05
lgq,lga,1,1.68350168350168e-05
li,ai,1,1.68350168350168e-05
linda,cida,5,8.41750841750842e-05
lindalaco,linda,3,5.05050505050505e-05
lindicontractor,gidacontractor,1,1.68350168350168e-05
lindiruralwaterdepartment,districwaterdepartment,1,1.68350168350168e-05
lions,cons,3,5.05050505050505e-05
lionsclub,lions,2,3.36700336700337e-05
lionsclubkilimanjaro,dioceseofmountkilimanjaro,1,1.68350168350168e-05
lips,rips,2,3.36700336700337e-05
liuwassa,luwassa,2,3.36700336700337e-05
livi,lei,16,0.000269360269360269
livingwaterinternational,careinternational,14,0.000235690235690236
lizad,eliza,1,1.68350168350168e-05
local,localte,46,0.000774410774410775
localcontract,ampcontract,31,0.000521885521885522
localfundi,local,4,6.73400673400673e-05
localltechnician,localtechnician,4,6.73400673400673e-05
localte,local,52,0.000875420875420875
localtechnical,localtechnician,1,1.68350168350168e-05
localtechnicaltec,localtechnical,5,8.41750841750842e-05
localtechnician,localltechnician,79,0.00132996632996633
localtechnitian,localtechnician,2,3.36700336700337e-05
loliondoparish,kilimarondoparish,4,6.73400673400673e-05
lolmoloki,lomoloki,1,1.68350168350168e-05
lomoloki,lolmoloki,1,1.68350168350168e-05
longidosecschool,mwlnyereresecschool,4,6.73400673400673e-05
loocip,cip,1,1.68350168350168e-05
losaakiawatersupp,losakiawatersuppl,62,0.00104377104377104
losakiawatersuppl,losakiawatersupply,4,6.73400673400673e-05
losakiawatersupply,losakiawatersuppl,1,1.68350168350168e-05
lualikaima,anglikana,1,1.68350168350168e-05
luka,jika,1,1.68350168350168e-05
lukesamarasltd,semacoltd,1,1.68350168350168e-05
luleka,luka,1,1.68350168350168e-05
lungwe,luthe,1,1.68350168350168e-05
lusajo,besado,1,1.68350168350168e-05
luthe,ruthe,5,8.41750841750842e-05
lutheran,luthe,3,5.05050505050505e-05
lutheranchurch,anglicanchurch,12,0.000202020202020202
luwassa,liuwassa,1,1.68350168350168e-05
lvaltd,sialtd,7,0.000117845117845118
lvia,alia,60,0.00101010101010101
lwi,lei,71,0.0011952861952862
lwicentralgovernment,centralgovernment,1,1.68350168350168e-05
m,"",1,1.68350168350168e-05
ma,da,33,0.000555555555555556
machibya,mahita,2,3.36700336700337e-05
mackd,jacks,15,0.000252525252525253
mackdonaldcoltd,mackdonaldcontractor,1,1.68350168350168e-05
mackdonaldcontractor,mackdonaldcontrsctor,7,0.000117845117845118
mackdonaldcontrsctor,mackdonaldcontractor,1,1.68350168350168e-05
madra,adra,1,1.68350168350168e-05
maendeleoyajamii,twesajamii,4,6.73400673400673e-05
maerere,kashere,1,1.68350168350168e-05
magadinimakiwaruwa,mamakapwapwa,179,0.00301346801346801
magani,amadi,1,1.68350168350168e-05
magige,magani,1,1.68350168350168e-05
magomaadp,mamad,1,1.68350168350168e-05
magul,kagulo,1,1.68350168350168e-05
magutumaro,mataro,1,1.68350168350168e-05
mahemba,kahema,1,1.68350168350168e-05
mahita,mchina,1,1.68350168350168e-05
maishule,shule,1,1.68350168350168e-05
maivaru,makuru,1,1.68350168350168e-05
majiblock,majitech,6,0.000101010101010101
majimugumu,majmugumu,18,0.000303030303030303
majitech,carmatech,4,6.73400673400673e-05
majitechconstruction,makamaconstruction,4,6.73400673400673e-05
majmugumu,majimugumu,1,1.68350168350168e-05
makala,makusa,1,1.68350168350168e-05
makamaconstruction,mandiaconstruction,5,8.41750841750842e-05
makanyasisalestate,kanisalatag,1,1.68350168350168e-05
makeengineering,yumbakaengineering,3,5.05050505050505e-05
makonde,makoye,7,0.000117845117845118
makondewaterpopulation,makondewatersupply,20,0.000336700336700337
makondewatersupply,holiliwatersupply,4,6.73400673400673e-05
makori,makoye,1,1.68350168350168e-05
makoye,makonde,1,1.68350168350168e-05
makundya,makonde,1,1.68350168350168e-05
makuru,makori,2,3.36700336700337e-05
makusa,makala,1,1.68350168350168e-05
malec,males,1,1.68350168350168e-05
males,malec,1,1.68350168350168e-05
maliasili,kalitasi,1,1.68350168350168e-05
malola,makala,1,1.68350168350168e-05
mamaagneskagimbo,jumannesiabo,1,1.68350168350168e-05
mamad,mamaz,13,0.000218855218855219
mamahamisa,aartisa,1,1.68350168350168e-05
mamajoela,baadela,1,1.68350168350168e-05
mamakalage,makala,1,1.68350168350168e-05
mamakapwapwa,mamakalage,1,1.68350168350168e-05
mamaz,mamad,1,1.68350168350168e-05
mambe,kaembe,1,1.68350168350168e-05
mamlakayamajingara,idarayamaji,10,0.000168350168350168
mamvuakakungu,mamakalage,1,1.68350168350168e-05
mandiaconstruction,nandraconstruction,1,1.68350168350168e-05
mandp,adp,1,1.68350168350168e-05
mangotree,maerere,1,1.68350168350168e-05
manyaraconstruction,makamaconstruction,6,0.000101010101010101
manyotaprimaryschool,upendoprimaryschool,1,1.68350168350168e-05
manyovuagricultureinstitute,makanyasisalestate,1,1.68350168350168e-05
marafin,marafip,1,1.68350168350168e-05
marafip,marafin,29,0.000488215488215488
marainterproduct,kamataproject,1,1.68350168350168e-05
marijanallydadi,maliasili,1,1.68350168350168e-05
mark,marke,1,1.68350168350168e-05
marke,mark,1,1.68350168350168e-05
maro,mark,2,3.36700336700337e-05
marthaemanuel,matyenye,2,3.36700336700337e-05
marti,amari,4,6.73400673400673e-05
marumbocommunity,arabcommunity,1,1.68350168350168e-05
masailand,makala,1,1.68350168350168e-05
masekacommunity,adracommunity,1,1.68350168350168e-05
maselenzengula,alexmoyela,1,1.68350168350168e-05
masese,males,1,1.68350168350168e-05
mashakam,haam,1,1.68350168350168e-05
masjid,maswi,5,8.41750841750842e-05
masjidnnre,masjid,1,1.68350168350168e-05
masjidtakuar,mashakam,1,1.68350168350168e-05
masucompany,maswicompany,1,1.68350168350168e-05
maswi,hashi,14,0.000235690235690236
maswico,maswi,2,3.36700336700337e-05
maswicompany,masucompany,21,0.000353535353535354
maswidrill,maswidrilling,5,8.41750841750842e-05
maswidrilling,maswidrill,3,5.05050505050505e-05
maswidrillingcoltd,maswidrilling,2,3.36700336700337e-05
mataro,maro,2,3.36700336700337e-05
matiiti,mahita,1,1.68350168350168e-05
matogoro,mataro,1,1.68350168350168e-05
matyenye,maerere,1,1.68350168350168e-05
maxmbise,mambe,1,1.68350168350168e-05
mayiro,maro,1,1.68350168350168e-05
maziinvestment,misrigovernment,3,5.05050505050505e-05
mbeje,mtewe,1,1.68350168350168e-05
mbiusa,makusa,1,1.68350168350168e-05
mbiuwasa,mbiusa,35,0.000589225589225589
mboma,miomb,6,0.000101010101010101
mbozidistrictcouncil,mbuludistrictcouncil,4,6.73400673400673e-05
mbozihospital,hospital,1,1.68350168350168e-05
mbozisecondaryschool,secondaryschool,1,1.68350168350168e-05
mbulico,maswico,2,3.36700336700337e-05
mbuludistrictcouncil,mbozidistrictcouncil,1,1.68350168350168e-05
mbunge,mzung,17,0.000286195286195286
mbusimwita,mgayamwita,1,1.68350168350168e-05
mbuzimawe,mkulima,1,1.68350168350168e-05
mbwambo,mtambo,2,3.36700336700337e-05
mbwiro,mayiro,1,1.68350168350168e-05
mchina,china,1,1.68350168350168e-05
mchome,makoye,3,5.05050505050505e-05
mchuk,chuo,3,5.05050505050505e-05
md,ad,2,3.36700336700337e-05
mdalacontractor,mwakicontractor,8,0.000134680134680135
mdrd,mdrdp,2,3.36700336700337e-05
mdrdp,mdrd,84,0.00141414141414141
meco,amec,1,1.68350168350168e-05
megis,belgij,1,1.68350168350168e-05
mem,mgm,5,8.41750841750842e-05
memberofperliamentahmedali,embasyofjapanintanzania,1,1.68350168350168e-05
meruconcrete,conce,1,1.68350168350168e-05
methodistchurch,batistchurch,1,1.68350168350168e-05
mgaya,mungaya,1,1.68350168350168e-05
mgayamasese,masese,1,1.68350168350168e-05
mgayamwita,mbusimwita,1,1.68350168350168e-05
mgm,bgm,5,8.41750841750842e-05
mhchiza,mchina,1,1.68350168350168e-05
mhkapuya,hapa,3,5.05050505050505e-05
mi,ai,26,0.000437710437710438
miab,hiap,1,1.68350168350168e-05
mianz,miab,7,0.000117845117845118
mida,cida,6,0.000101010101010101
milenia,mileniam,10,0.000168350168350168
mileniam,milenia,7,0.000117845117845118
mileniamproject,kamataproject,24,0.000404040404040404
milenium,mileniam,3,5.05050505050505e-05
ministryofeducation,ministryofwater,2,3.36700336700337e-05
ministryofwater,finiwater,18,0.000303030303030303
ministryofwaterengineer,ministryofwater,9,0.000151515151515152
minjingu,inkinda,3,5.05050505050505e-05
miomb,mboma,3,5.05050505050505e-05
misanageorge,george,1,1.68350168350168e-05
misheni,cheni,1,1.68350168350168e-05
misrigovernment,ciprogovernment,1,1.68350168350168e-05
missi,missio,87,0.00146464646464646
missio,missi,2,3.36700336700337e-05
mission,missio,130,0.00218855218855219
missionaries,missionary,1,1.68350168350168e-05
missionary,rcmissionary,2,3.36700336700337e-05
miziriol,mayiro,46,0.000774410774410775
mketo,eeto,1,1.68350168350168e-05
mkonconstruction,mkongconstruction,1,1.68350168350168e-05
mkongconstruction,mkonconstruction,1,1.68350168350168e-05
mkongobuildingcontractor,saxonbuildingcontractor,1,1.68350168350168e-05
mkongoconstruction,mkongconstruction,1,1.68350168350168e-05
mkulima,kajima,1,1.68350168350168e-05
mkuluku,mkulima,1,1.68350168350168e-05
mkuyu,makuru,17,0.000286195286195286
mlade,ad,46,0.000774410774410775
mlakico,maswico,9,0.000151515151515152
mlappro,maro,11,0.000185185185185185
mmggoldmine,goldmain,2,3.36700336700337e-05
mohamadmasanga,mamakalage,1,1.68350168350168e-05
mohamedally,omarally,1,1.68350168350168e-05
mombourbanwater,mombourbanwaters,4,6.73400673400673e-05
mombourbanwaters,mombourbanwater,5,8.41750841750842e-05
monmali,amadi,1,1.68350168350168e-05
moravian,morovian,1,1.68350168350168e-05
morningconstruction,mkongconstruction,1,1.68350168350168e-05
moroil,morovi,8,0.000134680134680135
morovi,moroil,1,1.68350168350168e-05
morovian,moravian,1,1.68350168350168e-05
morovianchurch,romanchurch,10,0.000168350168350168
morrov,morovi,1,1.68350168350168e-05
morrovian,morovian,1,1.68350168350168e-05
moses,males,1,1.68350168350168e-05
moshonoadp,magomaadp,1,1.68350168350168e-05
mosque,mosqure,12,0.000202020202020202
mosqure,mosque,1,1.68350168350168e-05
motibamanyanya,mohamadmasanga,1,1.68350168350168e-05
moyowosi,lomoloki,1,1.68350168350168e-05
mp,m,2,3.36700336700337e-05
mpang,mianz,13,0.000218855218855219
mpangowamwisa,mamahamisa,1,1.68350168350168e-05
mpmloka,malola,1,1.68350168350168e-05
mrchi,mrkwi,1,1.68350168350168e-05
mremicontractor,mwakicontractor,1,1.68350168350168e-05
mrish,arisan,1,1.68350168350168e-05
mrkas,mrkwi,1,1.68350168350168e-05
mrkwi,maswi,1,1.68350168350168e-05
mrluo,chuo,1,1.68350168350168e-05
mrsau,mrkas,1,1.68350168350168e-05
ms,is,7,0.000117845117845118
msabi,miab,33,0.000555555555555556
msagin,msabi,1,1.68350168350168e-05
msf,bsf,15,0.000252525252525253
msftacare,isftacare,13,0.000218855218855219
msig,mi,1,1.68350168350168e-05
msigwa,kigwa,1,1.68350168350168e-05
msiki,msikit,2,3.36700336700337e-05
msikit,msiki,4,6.73400673400673e-05
msikiti,msikit,12,0.000202020202020202
msikitini,msikiti,1,1.68350168350168e-05
msjimugumu,majimugumu,1,1.68350168350168e-05
msuba,msabi,1,1.68350168350168e-05
msudi,msabi,1,1.68350168350168e-05
msukwaconstructioncompany,makamaconstruction,1,1.68350168350168e-05
mtambo,mambe,1,1.68350168350168e-05
mtc,mtn,2,3.36700336700337e-05
mtewe,ewe,1,1.68350168350168e-05
mtn,mtc,65,0.00109427609427609
mtui,mi,1,1.68350168350168e-05
mtuwasa,muwasa,23,0.000387205387205387
mtuwasaandcommunity,tasafandcomunity,3,5.05050505050505e-05
mtwaratechnician,localltechnician,1,1.68350168350168e-05
mu,ju,1,1.68350168350168e-05
muham,ham,2,3.36700336700337e-05
muhindi,hindu,1,1.68350168350168e-05
muhochikissaka,chachaissame,1,1.68350168350168e-05
mungaya,mgaya,1,1.68350168350168e-05
municipal,council,2,3.36700336700337e-05
municipalcouncil,taboramunicipalcouncil,1,1.68350168350168e-05
muniko,chiko,1,1.68350168350168e-05
musa,muwsa,5,8.41750841750842e-05
muslimehefeninternational,livingwaterinternational,1,1.68350168350168e-05
muslims,mkulima,6,0.000101010101010101
muslimusocietyshia,eliuschacha,1,1.68350168350168e-05
muwasa,auwasa,33,0.000555555555555556
muwaza,muwasa,1,1.68350168350168e-05
muwsa,musa,107,0.0018013468013468
mviwa,lvia,13,0.000218855218855219
mw,dw,14,0.000235690235690236
mwakabalula,makala,1,1.68350168350168e-05
mwakalinga,kawinga,1,1.68350168350168e-05
mwakicontracto,mwakicontractor,1,1.68350168350168e-05
mwakicontractor,mwakicontracto,3,5.05050505050505e-05
mwakifuna,makusa,1,1.68350168350168e-05
mwalimumuhenza,mwalimumuhenzi,1,1.68350168350168e-05
mwalimumuhenzi,mwalimumuhenza,1,1.68350168350168e-05
mwamama,kamama,1,1.68350168350168e-05
mwamvitarajabu,swaleherajabu,1,1.68350168350168e-05
mwanamisially,mohamedally,1,1.68350168350168e-05
mwananchiengineeri,makeengineering,1,1.68350168350168e-05
mwangatownwaterauthority,waterauthority,4,6.73400673400673e-05
mwanza,mianz,1,1.68350168350168e-05
mwe,dwe,197,0.00331649831649832
mwigicho,maswico,2,3.36700336700337e-05
mwita,mahita,1,1.68350168350168e-05
mwitakichere,mwitamachoa,1,1.68350168350168e-05
mwitalucas,mwita,1,1.68350168350168e-05
mwitamachoa,mwitamahiti,1,1.68350168350168e-05
mwitamahiti,mwitamachoa,1,1.68350168350168e-05
mwitamuremi,mwitamahiti,2,3.36700336700337e-05
mwlmwita,mwita,1,1.68350168350168e-05
mwlngassa,luwassa,1,1.68350168350168e-05
mwlnyereresecschool,longidosecschool,2,3.36700336700337e-05
mws,ms,7,0.000117845117845118
mzeemabena,mahemba,1,1.68350168350168e-05
mzeeomari,mzeesmith,1,1.68350168350168e-05
mzeesalumbakaridarus,mzeeomari,1,1.68350168350168e-05
mzeesmith,mzeeomari,1,1.68350168350168e-05
mzeewaziritajari,mzeeomari,1,1.68350168350168e-05
mzeeyassinnaya,mzeemabena,1,1.68350168350168e-05
mzingaa,kinga,9,0.000151515151515152
mzung,mzungu,2,3.36700336700337e-05
mzungu,mzung,1,1.68350168350168e-05
mzungupaul,mzungu,6,0.000101010101010101
nafco,natio,1,1.68350168350168e-05
naishuconstructioncoltd,nandraconstruction,18,0.000303030303030303
nampapanga,nampopanga,2,3.36700336700337e-05
nampopanga,nampapanga,2,3.36700336700337e-05
namungo,ngomango,1,1.68350168350168e-05
nandraconstruction,mandiaconstruction,14,0.000235690235690236
nanracontractor,ampcontractor,6,0.000101010101010101
napupanga,nampapanga,1,1.68350168350168e-05
nasanworkers,nassanworkers,1,1.68350168350168e-05
nassanworkers,nasanworkers,1,1.68350168350168e-05
nassorfehed,acord,3,5.05050505050505e-05
nathalhamadi,ahmad,1,1.68350168350168e-05
natio,nafco,1,1.68350168350168e-05
ncaa,acra,63,0.00106060606060606
nchagwa,chacha,2,3.36700336700337e-05
ndandamissions,neemiamission,22,0.00037037037037037
nddp,ddp,2,3.36700336700337e-05
ndm,ad,1,1.68350168350168e-05
ndrdp,mdrdp,1,1.68350168350168e-05
ndukuvillage,subvillage,3,5.05050505050505e-05
neemiamission,herimission,2,3.36700336700337e-05
nerthlands,netherlands,1,1.68350168350168e-05
netherlands,nerthlands,1,1.68350168350168e-05
ng,cg,3,5.05050505050505e-05
ngelepogroup,upendogroup,1,1.68350168350168e-05
nginil,engin,1,1.68350168350168e-05
ngiresivillagecommunity,olgilaivillagecommunity,3,5.05050505050505e-05
ngo,go,1,1.68350168350168e-05
ngomango,namungo,1,1.68350168350168e-05
ngos,ngo,1,1.68350168350168e-05
nice,aic,10,0.000168350168350168
niger,nice,2,3.36700336700337e-05
nimrodmkonomb,notkno,1,1.68350168350168e-05
nirad,norad,2,3.36700336700337e-05
njoonjoo,cjejow,1,1.68350168350168e-05
njula,juma,1,1.68350168350168e-05
nmdcindia,india,1,1.68350168350168e-05
no,co,9,0.000151515151515152
nora,norad,21,0.000353535353535354
norad,nirad,366,0.00616161616161616
norani,nora,1,1.68350168350168e-05
north,nora,2,3.36700336700337e-05
noshad,noshadi,1,1.68350168350168e-05
noshadi,noshad,1,1.68350168350168e-05
notkno,notknown,1,1.68350168350168e-05
notknown,notkno,41,0.00069023569023569
npr,pr,2,3.36700336700337e-05
ns,is,3,5.05050505050505e-05
nsc,ns,2,3.36700336700337e-05
nssf,bsf,1,1.68350168350168e-05
nu,ju,1,1.68350168350168e-05
nyabarongokegoro,kyelamorogoro,1,1.68350168350168e-05
nyabibuyeislamiccenter,maziinvestment,1,1.68350168350168e-05
nyabweta,nyangere,1,1.68350168350168e-05
nyahale,aqal,1,1.68350168350168e-05
nyakahomwita,mgayamwita,1,1.68350168350168e-05
nyakilangani,nyakilanganyi,2,3.36700336700337e-05
nyakilanganico,nyakilangani,24,0.000404040404040404
nyakilanganiconstruction,makamaconstruction,3,5.05050505050505e-05
nyakilanganyi,nyakilangani,1,1.68350168350168e-05
nyamasagi,nyamwanji,1,1.68350168350168e-05
nyamingusubvillage,ndukuvillage,1,1.68350168350168e-05
nyamongogoldmining,mmggoldmine,4,6.73400673400673e-05
nyamwanji,nyamasagi,1,1.68350168350168e-05
nyangere,kashere,1,1.68350168350168e-05
nyanzaroad,tanroad,1,1.68350168350168e-05
nyeisa,jeica,1,1.68350168350168e-05
nyitamboka,mtambo,1,1.68350168350168e-05
nzila,njula,1,1.68350168350168e-05
o,"",2,3.36700336700337e-05
obadia,abasia,1,1.68350168350168e-05
obc,abd,5,8.41750841750842e-05
oda,da,1,1.68350168350168e-05
oikos,aixos,3,5.05050505050505e-05
oikoseafrica,oikoseafrika,93,0.00156565656565657
oikoseafrika,oikoseafrica,5,8.41750841750842e-05
okongo,kando,1,1.68350168350168e-05
ola,oda,4,6.73400673400673e-05
oldadaivillagecommunity,olgilaivillagecommunity,3,5.05050505050505e-05
oldonyolengai,olomoloki,4,6.73400673400673e-05
olgilaivillagecommunity,oldadaivillagecommunity,14,0.000235690235690236
olomoloki,lomoloki,1,1.68350168350168e-05
ols,ola,1,1.68350168350168e-05
omarally,makala,1,1.68350168350168e-05
omarimzee,omarymona,1,1.68350168350168e-05
omarrafael,marafin,1,1.68350168350168e-05
omarymona,omarimzee,1,1.68350168350168e-05
onesm,ces,2,3.36700336700337e-05
ongan,ungan,1,1.68350168350168e-05
orien,green,19,0.00031986531986532
orphanage,mpang,1,1.68350168350168e-05
others,hery,1,1.68350168350168e-05
othod,noshad,1,1.68350168350168e-05
overlandhighschool,secondaryschool,1,1.68350168350168e-05
ox,o,1,1.68350168350168e-05
oxfam,oxfarm,234,0.00393939393939394
oxfarm,oxfam,96,0.00161616161616162
p,"",19,0.00031986531986532
pad,ad,3,5.05050505050505e-05
padep,adap,33,0.000555555555555556
paffec,amec,1,1.68350168350168e-05
pankrasi,paskali,1,1.68350168350168e-05
panone,unone,1,1.68350168350168e-05
part,aar,3,5.05050505050505e-05
paskali,makala,1,1.68350168350168e-05
pata,kata,5,8.41750841750842e-05
patricknyanzwi,agrican,1,1.68350168350168e-05
patuu,pata,4,6.73400673400673e-05
paul,magul,1,1.68350168350168e-05
pci,ac,8,0.000134680134680135
pentecosta,pentekoste,1,1.68350168350168e-05
pentecostalchurch,pentecostchurch,1,1.68350168350168e-05
pentecostchurch,pentecostalchurch,1,1.68350168350168e-05
pentekoste,pentecosta,1,1.68350168350168e-05
peoplefromegypt,peoplep,1,1.68350168350168e-05
peoplep,george,4,6.73400673400673e-05
perusibhoke,africaone,1,1.68350168350168e-05
pet,act,24,0.000404040404040404
petcoporationltd,petcorporationltd,1,1.68350168350168e-05
petcorporationltd,petcoporationltd,15,0.000252525252525253
peter,inter,1,1.68350168350168e-05
petermayiro,mayiro,1,1.68350168350168e-05
petropatrice,cathoric,1,1.68350168350168e-05
phase,care,13,0.000218855218855219
pidp,kidp,11,0.000185185185185185
piscop,icap,1,1.68350168350168e-05
pitcooperationltd,petcoporationltd,8,0.000134680134680135
piuscharles,chonjacharles,1,1.68350168350168e-05
planint,panone,19,0.00031986531986532
planinternationa,planinternational,46,0.000774410774410775
planinternational,planinternationa,5,8.41750841750842e-05
plantanzania,tanzania,3,5.05050505050505e-05
pmo,po,2,3.36700336700337e-05
pnr,pr,2,3.36700336700337e-05
pnrco,pnr,1,1.68350168350168e-05
pnrda,pnr,1,1.68350168350168e-05
po,co,29,0.000488215488215488
porilaakibakigosi,serikaliyakijiji,1,1.68350168350168e-05
pr,ar,53,0.000892255892255892
presadom,besado,3,5.05050505050505e-05
prf,pr,12,0.000202020202020202
prima,primo,1,1.68350168350168e-05
primo,prima,1,1.68350168350168e-05
princemediumschool,eastmerumediumschool,1,1.68350168350168e-05
priv,priva,1,1.68350168350168e-05
priva,prima,54,0.000909090909090909
privat,priva,1,1.68350168350168e-05
private,privat,162,0.00272727272727273
privatecompany,atlascompany,1,1.68350168350168e-05
privateindividuals,individuals,1,1.68350168350168e-05
privateinstitutions,institution,1,1.68350168350168e-05
privateowned,private,1,1.68350168350168e-05
privateperson,private,1,1.68350168350168e-05
privatetechnician,villagetechnician,1,1.68350168350168e-05
profsaluati,resolute,1,1.68350168350168e-05
pumpentecostalsweeden,pentecostalchurch,1,1.68350168350168e-05
pwd,pad,1,1.68350168350168e-05
qsemltd,sialtd,2,3.36700336700337e-05
quickwinhalmashauri,halmashauri,1,1.68350168350168e-05
quickwinproject,mileniamproject,4,6.73400673400673e-05
quickwinprojectcouncil,quickwinproject,1,1.68350168350168e-05
quickwins,qwickwin,1,1.68350168350168e-05
quik,juin,3,5.05050505050505e-05
qukwin,quwkwin,1,1.68350168350168e-05
quwkwin,qukwin,17,0.000286195286195286
qwickwin,quickwins,14,0.000235690235690236
r,"",1,1.68350168350168e-05
railway,alha,2,3.36700336700337e-05
ramadhanimmvugalo,ramadhaninyambizi,1,1.68350168350168e-05
ramadhaninyambizi,ramadhanimmvugalo,1,1.68350168350168e-05
raramataki,ilaramataki,1,1.68350168350168e-05
rashidmahongwe,rashidsengombe,1,1.68350168350168e-05
rashidsengombe,rashidmahongwe,1,1.68350168350168e-05
raurensia,bahresa,1,1.68350168350168e-05
raymondekura,makonde,1,1.68350168350168e-05
rc,ac,181,0.00304713804713805
rcc,rc,12,0.000202020202020202
rccathoric,cathoric,3,5.05050505050505e-05
rcch,rcc,57,0.00095959595959596
rcchurc,rcchurch,14,0.000235690235690236
rcchurch,rcchurc,205,0.00345117845117845
rcchurchbrother,rcchurch,1,1.68350168350168e-05
rcchurchcefa,rcchurch,22,0.00037037037037037
rcchurchcentralgover,rcchurchbrother,14,0.000235690235690236
rcmi,rcmis,1,1.68350168350168e-05
rcmis,rcmi,1,1.68350168350168e-05
rcmission,mission,8,0.000134680134680135
rcmissionary,missionary,1,1.68350168350168e-05
rcmsufi,msudi,1,1.68350168350168e-05
rcnjoro,acord,1,1.68350168350168e-05
rdc,idc,55,0.000925925925925926
rddc,rdc,1,1.68350168350168e-05
rdws,adrs,1,1.68350168350168e-05
re,ce,6,0.000101010101010101
recoda,rhoda,1,1.68350168350168e-05
redap,redep,2,3.36700336700337e-05
redcross,recoda,42,0.000707070707070707
redep,redap,10,0.000168350168350168
redeso,redep,8,0.000134680134680135
reginagroup,ngelepogroup,1,1.68350168350168e-05
regionalwater,regionwater,15,0.000252525252525253
regionalwaterengineerarusha,regionalwater,9,0.000151515151515152
regionwater,regionalwater,1,1.68350168350168e-05
regionwaterdepartment,waterdepartment,78,0.00131313131313131
regwa,kigwa,1,1.68350168350168e-05
regwacompany,kilwacompany,2,3.36700336700337e-05
regwacompanyofegpty,regwacompanyofegypt,2,3.36700336700337e-05
regwacompanyofegypt,regwacompanyofegpty,2,3.36700336700337e-05
resolute,rotte,2,3.36700336700337e-05
resolutemining,resolute,1,1.68350168350168e-05
rhobi,rhoda,28,0.000471380471380471
rhobiwamburs,teonaswambura,1,1.68350168350168e-05
rhoda,oda,8,0.000134680134680135
richardmkyore,chandeco,1,1.68350168350168e-05
ridep,redep,24,0.000404040404040404
rilayowaterproject,kindorokowaterproject,1,1.68350168350168e-05
rips,lips,10,0.000168350168350168
rished,misheni,5,8.41750841750842e-05
ro,co,1,1.68350168350168e-05
robertkampala,robertmosi,1,1.68350168350168e-05
robertmosi,ambrose,1,1.68350168350168e-05
roma,romam,2,3.36700336700337e-05
romam,roma,1,1.68350168350168e-05
roman,roma,94,0.00158249158249158
romanca,roman,4,6.73400673400673e-05
romancatholic,rccathoric,9,0.000151515151515152
romancatholicrulengediocese,romancathorickilomeni,9,0.000151515151515152
romancathorickilomeni,romancathoricsame,8,0.000134680134680135
romancathoricsame,romancatholic,10,0.000168350168350168
romanchurch,morovianchurch,14,0.000235690235690236
rombodalta,rombodelta,3,5.05050505050505e-05
rombodelta,rombodalta,1,1.68350168350168e-05
rotar,roma,2,3.36700336700337e-05
rotaryclub,roteryc,18,0.000303030303030303
rotaryclubaustralia,rotaryclub,1,1.68350168350168e-05
rotaryclubkitchener,rotaryclub,1,1.68350168350168e-05
rotaryclubofchicoandmoshi,rotaryclubofusaandmoshi,1,1.68350168350168e-05
rotaryclubofusaandmoshi,rotaryclubofchicoandmoshi,1,1.68350168350168e-05
roteryc,rotar,1,1.68350168350168e-05
rotte,rotar,3,5.05050505050505e-05
rps,rips,1,1.68350168350168e-05
rssp,rwsp,2,3.36700336700337e-05
ruangwacontractor,nanracontractor,4,6.73400673400673e-05
rude,rudep,7,0.000117845117845118
rudep,redep,19,0.00031986531986532
rudri,rude,1,1.68350168350168e-05
rundaga,mungaya,5,8.41750841750842e-05
runduman,rundaga,12,0.000202020202020202
rural,acra,3,5.05050505050505e-05
ruraldrinkingwatersupply,ruraldrinkungwatersupply,3,5.05050505050505e-05
ruraldrinkungwatersupply,ruraldrinkingwatersupply,1,1.68350168350168e-05
ruralwatersupply,holiliwatersupply,4,6.73400673400673e-05
rusumogamereserve,busogatrust,1,1.68350168350168e-05
ruthe,luthe,16,0.000269360269360269
ruvumabasin,abasia,3,5.05050505050505e-05
rw,dw,14,0.000235690235690236
rwe,dwe,1206,0.0203030303030303
rwecommunity,arabcommunity,31,0.000521885521885522
rwedwe,dwe,53,0.000892255892255892
rwetcrs,rwetwesa,1,1.68350168350168e-05
rwetwesa,icftwesa,1,1.68350168350168e-05
rwi,lwi,1,1.68350168350168e-05
rwsp,dwsp,13,0.000218855218855219
rwssp,rssp,149,0.00250841750841751
s,"",2,3.36700336700337e-05
sa,da,1,1.68350168350168e-05
sabodo,abd,22,0.00037037037037037
sacso,sao,3,5.05050505050505e-05
sadikikangelo,adpbusangi,1,1.68350168350168e-05
safaricamp,africam,1,1.68350168350168e-05
safariroya,safaricamp,1,1.68350168350168e-05
saferescueltd,africaoneltd,1,1.68350168350168e-05
sagaswe,stgasper,1,1.68350168350168e-05
saidhashim,hashi,1,1.68350168350168e-05
saidico,danidaco,1,1.68350168350168e-05
saidihalfani,saidhashim,1,1.68350168350168e-05
saidomari,amari,1,1.68350168350168e-05
sakwidi,samweli,1,1.68350168350168e-05
salamukita,adamkea,1,1.68350168350168e-05
salehe,alha,1,1.68350168350168e-05
salehzaharani,caltazkahama,4,6.73400673400673e-05
salumtambalizeni,ruvumabasin,1,1.68350168350168e-05
samsoni,sacso,1,1.68350168350168e-05
samwel,samweli,1,1.68350168350168e-05
samweli,samwel,1,1.68350168350168e-05
samwelikitana,anglikana,1,1.68350168350168e-05
sangeadistrictcoun,songeadistrictcoun,7,0.000117845117845118
sanjewa,hanja,6,0.000101010101010101
sao,bao,14,0.000235690235690236
sauwasa,auwasa,7,0.000117845117845118
savetherain,savetherainusa,7,0.000117845117845118
savetherainusa,savetherain,21,0.000353535353535354
saxon,sao,13,0.000218855218855219
saxonbuildingcontractor,saxonbuildingcontractors,8,0.000134680134680135
saxonbuildingcontractors,saxonbuildingcontractor,1,1.68350168350168e-05
scholasticapankrasi,pankrasi,1,1.68350168350168e-05
schoo,school,2,3.36700336700337e-05
school,schoo,4,6.73400673400673e-05
schooladm9nstrarion,schooladminstrarion,1,1.68350168350168e-05
schooladminstrarion,schooladm9nstrarion,1,1.68350168350168e-05
scott,acord,6,0.000101010101010101
sda,da,16,0.000269360269360269
sdachurch,church,1,1.68350168350168e-05
sdp,adp,1,1.68350168350168e-05
secondary,sekondari,12,0.000202020202020202
secondaryschool,mbozisecondaryschool,6,0.000101010101010101
seffmtambo,mtambo,1,1.68350168350168e-05
segeraestate,floresta,1,1.68350168350168e-05
seifndago,secondary,1,1.68350168350168e-05
sekeivillagecommunity,dadsvillagecommunity,20,0.000336700336700337
sekondari,secondary,1,1.68350168350168e-05
selemanmasoud,sulemanidd,1,1.68350168350168e-05
selepta,senapa,1,1.68350168350168e-05
selikali,serikali,2,3.36700336700337e-05
selousg,caltus,3,5.05050505050505e-05
sema,cefa,249,0.00419191919191919
semacoltd,altaicoltd,7,0.000117845117845118
semaconsultant,consultant,1,1.68350168350168e-05
senapa,kinapa,2,3.36700336700337e-05
sengeremawaterdepartment,lindiruralwaterdepartment,218,0.00367003367003367
senttho,centr,1,1.68350168350168e-05
seram,efam,1,1.68350168350168e-05
serena,serens,2,3.36700336700337e-05
serengetidistrictconcil,mbozidistrictcouncil,4,6.73400673400673e-05
serens,serena,1,1.68350168350168e-05
serikali,selikali,25,0.000420875420875421
serikaliyakijiji,serikali,10,0.000168350168350168
serikari,serikali,1,1.68350168350168e-05
seronera,serena,1,1.68350168350168e-05
sh,ch,1,1.68350168350168e-05
shallowwell,charlottewell,1,1.68350168350168e-05
shamtesaid,wateraid,1,1.68350168350168e-05
shawasa,shuwasa,45,0.000757575757575758
shekhe,salehe,1,1.68350168350168e-05
shelishelicommission,herimission,1,1.68350168350168e-05
shingidayetu,singidayetu,1,1.68350168350168e-05
ship,shipo,2,3.36700336700337e-05
shipo,ship,233,0.00392255892255892
shipoconstructors,wassocontractors,1,1.68350168350168e-05
shule,chela,16,0.000269360269360269
shuleyamsingi,shuleyamsingiufala,1,1.68350168350168e-05
shuleyamsingiufala,shuleyamsingi,1,1.68350168350168e-05
shuleyasekondariipuli,shuleyamsingiufala,1,1.68350168350168e-05
shuwasa,sauwasa,6,0.000101010101010101
shybuilders,cfbuilders,37,0.000622895622895623
si,ai,33,0.000555555555555556
sialtd,lvaltd,14,0.000235690235690236
sida,cida,3,5.05050505050505e-05
sijm,si,10,0.000168350168350168
simangokihengu,singasinga,1,1.68350168350168e-05
simavi,amadi,3,5.05050505050505e-05
simba,sema,1,1.68350168350168e-05
simbaco,simba,7,0.000117845117845118
simbalodge,simbaco,1,1.68350168350168e-05
simonlusambi,monmali,1,1.68350168350168e-05
singasinga,inkinda,3,5.05050505050505e-05
singidageneralsuppliesltd,bonitebottlesltd,9,0.000151515151515152
singidayetu,shingidayetu,22,0.00037037037037037
sipdo,cipro,1,1.68350168350168e-05
sisaleststehale,salehe,1,1.68350168350168e-05
sistermakulata,australia,1,1.68350168350168e-05
sizamayengo,kizenga,1,1.68350168350168e-05
socie,boni,1,1.68350168350168e-05
solidame,solidarm,45,0.000757575757575758
solidarm,soliderm,1,1.68350168350168e-05
soliderm,solidarm,2,3.36700336700337e-05
songa,songas,10,0.000168350168350168
songas,songa,11,0.000185185185185185
songeadistrictcoun,sangeadistrictcoun,6,0.000101010101010101
sophiawazir,shawasa,1,1.68350168350168e-05
sowasa,suwasa,19,0.00031986531986532
spardrilling,maswidrilling,1,1.68350168350168e-05
spcpreprimaryschool,upendoprimaryschool,1,1.68350168350168e-05
ssu,bsf,1,1.68350168350168e-05
st,s,54,0.000909090909090909
stabex,tadeo,1,1.68350168350168e-05
stafordhigima,safaricamp,1,1.68350168350168e-05
stampers,stgasper,3,5.05050505050505e-05
stansilaus,tanas,2,3.36700336700337e-05
stelizabethmajengo,sizamayengo,1,1.68350168350168e-05
stephano,stph,1,1.68350168350168e-05
stephanopaulo,stephano,1,1.68350168350168e-05
stevennyangarika,nyangere,1,1.68350168350168e-05
stgasper,sagaswe,1,1.68350168350168e-05
stmagrethchurch,tagchurch,1,1.68350168350168e-05
stph,sdp,5,8.41750841750842e-05
sua,sa,2,3.36700336700337e-05
subvillage,village,1,1.68350168350168e-05
sulemanidd,bemanda,10,0.000168350168350168
sumbaw,simba,17,0.000286195286195286
summitforwatercommunity,sekeivillagecommunity,7,0.000117845117845118
sumo,juma,1,1.68350168350168e-05
sumry,sumo,1,1.68350168350168e-05
sunamco,winamco,1,1.68350168350168e-05
suwasa,auwasa,10,0.000168350168350168
sw,dw,3,5.05050505050505e-05
swaleherajabu,mwamvitarajabu,1,1.68350168350168e-05
sweeden,green,1,1.68350168350168e-05
swissif,missi,29,0.000488215488215488
t,"",4,6.73400673400673e-05
ta,da,23,0.000387205387205387
taasi,tansi,1,1.68350168350168e-05
tabomacommunity,adracommunity,1,1.68350168350168e-05
taboramunicipalcouncil,municipalcouncil,4,6.73400673400673e-05
tabraki,taasi,5,8.41750841750842e-05
tacri,acra,1,1.68350168350168e-05
tadeo,iado,1,1.68350168350168e-05
taees,taes,1,1.68350168350168e-05
taes,taees,1,1.68350168350168e-05
tag,ta,10,0.000168350168350168
tagchurch,church,3,5.05050505050505e-05
tagpatmos,taipo,2,3.36700336700337e-05
tahea,kahema,15,0.000252525252525253
taipo,shipo,1,1.68350168350168e-05
tajirijumbelila,africamuslim,1,1.68350168350168e-05
tanap,tanapa,5,8.41750841750842e-05
tanapa,tanap,37,0.000622895622895623
tanas,tanap,3,5.05050505050505e-05
tancan,tanap,1,1.68350168350168e-05
tancro,tacri,1,1.68350168350168e-05
tanedapssociety,waterauthority,1,1.68350168350168e-05
tanesco,dawasco,3,5.05050505050505e-05
tangacement,tancan,1,1.68350168350168e-05
tanganyikabasin,anglikan,2,3.36700336700337e-05
tanload,tanroad,1,1.68350168350168e-05
tanplantltd,finland,25,0.000420875420875421
tanroad,tanload,3,5.05050505050505e-05
tansi,taasi,1,1.68350168350168e-05
tanz,tanza,17,0.000286195286195286
tanza,tanz,1,1.68350168350168e-05
tanzakesho,tanesco,4,6.73400673400673e-05
tanzania,tanapa,5,8.41750841750842e-05
tanzaniaegypt,tanzania,1,1.68350168350168e-05
tanzaniaegypttechnicalcoop,tanzegypttechnicalcoopera,1,1.68350168350168e-05
tanzaniagovernment,tanzaniangovernment,34,0.000572390572390572
tanzaniangovernment,tanzaniagovernment,4,6.73400673400673e-05
tanzegypttechnicalcoopera,tanzaniaegypttechnicalcoop,4,6.73400673400673e-05
tarangirepark,irangovern,1,1.68350168350168e-05
tardo,dardo,123,0.00207070707070707
tareto,ereto,1,1.68350168350168e-05
tasa,tasaf,2,3.36700336700337e-05
tasaf,tasa,416,0.007003367003367
tasaf1,tasaf,1,1.68350168350168e-05
tasafandcomunity,mtuwasaandcommunity,1,1.68350168350168e-05
tasafandlga,tasafandmmem,1,1.68350168350168e-05
tasafandmmem,tasafandlga,1,1.68350168350168e-05
tasafcitizenandlga,tasafandlga,1,1.68350168350168e-05
tasafdmdd,tasaf,17,0.000286195286195286
tasaftlc,tasaf,1,1.68350168350168e-05
tasf,tasa,1,1.68350168350168e-05
tassaf,tasaf,64,0.00107744107744108
tassaftcrs,tasaftlc,5,8.41750841750842e-05
tawasa,dawasa,25,0.000420875420875421
tbl,abd,1,1.68350168350168e-05
tcrs,crs,707,0.0119023569023569
tcrsa,tcrs,1,1.68350168350168e-05
tcrscare,africare,5,8.41750841750842e-05
tcrsdwe,tcrs,2,3.36700336700337e-05
tcrsgovernment,adragovernment,3,5.05050505050505e-05
tcrskibondo,sabodo,4,6.73400673400673e-05
tcrstassaf,tcrstwesa,1,1.68350168350168e-05
tcrstlc,tcrs,5,8.41750841750842e-05
tcrstwesa,icftwesa,5,8.41750841750842e-05
tcrsvillagecommunity,dadsvillagecommunity,1,1.68350168350168e-05
tdft,cdt,42,0.000707070707070707
te,ce,1,1.68350168350168e-05
teamrafiki,tabraki,1,1.68350168350168e-05
techsupportbestco,humfreysco,1,1.68350168350168e-05
tempo,taipo,2,3.36700336700337e-05
teonaswambura,rhobiwamburs,1,1.68350168350168e-05
ter,te,1,1.68350168350168e-05
teresamunyama,africamuslim,1,1.68350168350168e-05
tgt,tgts,1,1.68350168350168e-05
tgts,tgt,4,6.73400673400673e-05
theco,theo,1,1.68350168350168e-05
thedeskandchairfoundat,deskandchairfoundation,31,0.000521885521885522
thei,theo,15,0.000252525252525253
theisla,chela,13,0.000218855218855219
theo,theco,1,1.68350168350168e-05
thomasibusigaye,yohanismgaya,1,1.68350168350168e-05
threewaygerman,german,1,1.68350168350168e-05
tinaafricare,africare,1,1.68350168350168e-05
tlc,lc,55,0.000925925925925926
tlccommunity,community,1,1.68350168350168e-05
tlcemmanuelkasoga,emmanuelkiswagala,1,1.68350168350168e-05
tlcjenusmalecha,tlcjohnmajala,1,1.68350168350168e-05
tlcjohnmajala,chamavita,2,3.36700336700337e-05
tlcnyengesamasanja,tlcjenusmalecha,1,1.68350168350168e-05
tlcsamora,tlcsorri,1,1.68350168350168e-05
tlcselemanmangombe,selemanmasoud,1,1.68350168350168e-05
tlcsorri,tacri,1,1.68350168350168e-05
tlcthimotheomasunga,tlcemmanuelkasoga,1,1.68350168350168e-05
tltc,tlc,8,0.000134680134680135
tmn,tmp,1,1.68350168350168e-05
tmp,mp,1,1.68350168350168e-05
tnkarugendo,karugendo,5,8.41750841750842e-05
tom,apm,2,3.36700336700337e-05
totallandcare,totolandcare,31,0.000521885521885522
totoland,holand,2,3.36700336700337e-05
totolandcare,totallandcare,4,6.73400673400673e-05
tove,gove,1,1.68350168350168e-05
townsh,cons,2,3.36700336700337e-05
tpp,tmp,3,5.05050505050505e-05
tpptrustmoshi,robertmosi,15,0.000252525252525253
trachoma,chacha,5,8.41750841750842e-05
trc,irc,1,1.68350168350168e-05
tredep,redep,23,0.000387205387205387
tridep,ridep,5,8.41750841750842e-05
trust,cast,5,8.41750841750842e-05
tscr,nsc,1,1.68350168350168e-05
tsrc,trc,1,1.68350168350168e-05
tukwaleenterp,tukwareenterp,1,1.68350168350168e-05
tukwareenterp,tukwaleenterp,1,1.68350168350168e-05
tulawakagoldmine,bulyahunlugoldmine,5,8.41750841750842e-05
tumainifund,grumetifund,5,8.41750841750842e-05
tuwasa,auwasa,32,0.000538720538720539
twe,dwe,111,0.00186868686868687
twendepamoja,tlcsamora,1,1.68350168350168e-05
twesa,twess,316,0.00531986531986532
twesacommunity,rwecommunity,10,0.000168350168350168
twesajamii,benjamin,1,1.68350168350168e-05
twess,twesa,1,1.68350168350168e-05
twig,lwi,1,1.68350168350168e-05
tzas,atlas,1,1.68350168350168e-05
uaacc,aar,1,1.68350168350168e-05
ubaloziwajapani,ubaloziwamarekani,1,1.68350168350168e-05
ubaloziwamarekani,dweubaloziwamarekani,9,0.000151515151515152
ubaloziwamarekanidwe,ubaloziwamarekani,1,1.68350168350168e-05
ubung,mbunge,9,0.000151515151515152
udcsema,sema,22,0.00037037037037037
udea,idea,1,1.68350168350168e-05
uhaiwamamanamtoto,hamismakombo,4,6.73400673400673e-05
ukilig,kilol,17,0.000286195286195286
umojadrilling,maswidrilling,4,6.73400673400673e-05
umojadrillingconstruction,umojadrillingcontructo,2,3.36700336700337e-05
umojadrillingcontractor,umojadrillingcontructo,1,1.68350168350168e-05
umojadrillingcontructo,umojadrillingcontractor,1,1.68350168350168e-05
un,in,27,0.000454545454545455
undp,adp,2,3.36700336700337e-05
ungan,ongan,3,5.05050505050505e-05
unhabitat,caritas,1,1.68350168350168e-05
unhcr,unicrf,12,0.000202020202020202
unicef,unicrf,234,0.00393939393939394
unicrf,unicef,1,1.68350168350168e-05
unisef,unicef,98,0.00164983164983165
universalconstruction,nandraconstruction,2,3.36700336700337e-05
unknown,notknown,4,6.73400673400673e-05
unknowninstaller,unknown,1,1.68350168350168e-05
unone,panone,4,6.73400673400673e-05
upendogroup,ngelepogroup,1,1.68350168350168e-05
upendoprimaryschool,spcpreprimaryschool,1,1.68350168350168e-05
upm,apm,1,1.68350168350168e-05
upperruvu,morrov,1,1.68350168350168e-05
usa,musa,3,5.05050505050505e-05
usaembassy,usembassy,1,1.68350168350168e-05
usaid,usa,1,1.68350168350168e-05
usambalasisters,ireveasister,1,1.68350168350168e-05
usembassy,usaembassy,15,0.000252525252525253
ustawi,esawa,3,5.05050505050505e-05
uyoge,unone,3,5.05050505050505e-05
v,"",1,1.68350168350168e-05
vc,ac,1,1.68350168350168e-05
vi,ai,3,5.05050505050505e-05
vicf,icf,1,1.68350168350168e-05
vicfishltd,altaicoltd,2,3.36700336700337e-05
vickfi,aicki,2,3.36700336700337e-05
victoria,distri,9,0.000151515151515152
victoriacompany,kilwacompany,5,8.41750841750842e-05
victoriadrill,victoriadrillco,3,5.05050505050505e-05
victoriadrillco,victoriadrill,5,8.41750841750842e-05
vienconstruction,mkonconstruction,2,3.36700336700337e-05
vifaf,vifafi,1,1.68350168350168e-05
vifafi,vifaf,23,0.000387205387205387
vifai,vifaf,1,1.68350168350168e-05
vill,villa,12,0.000202020202020202
villa,vill,65,0.00109427609427609
villaers,villagers,2,3.36700336700337e-05
villag,villa,14,0.000235690235690236
village,villag,8,0.000134680134680135
villagecommunity,dadsvillagecommunity,28,0.000471380471380471
villagecommunitymembers,villagecommunity,1,1.68350168350168e-05
villagecouncil,villagecounil,108,0.00181818181818182
villagecounciloda,villagecouncil,1,1.68350168350168e-05
villagecouncilorpha,villagecounciloda,7,0.000117845117845118
villagecounil,villagecouncil,4,6.73400673400673e-05
villagegovernment,finlandgovernment,10,0.000168350168350168
villagegovt,village,8,0.000134680134680135
villagelocalcontractor,chinahenancontractor,1,1.68350168350168e-05
villageoffice,villagecounil,1,1.68350168350168e-05
villager,village,6,0.000101010101010101
villagerd,villager,1,1.68350168350168e-05
villagers,villaers,221,0.00372053872053872
villages,village,1,1.68350168350168e-05
villagetechnician,privatetechnician,1,1.68350168350168e-05
villagewaterattendant,villagegovernment,1,1.68350168350168e-05
villagewatercommission,villagewatercommittee,1,1.68350168350168e-05
villagewatercommittee,villagewatercommission,2,3.36700336700337e-05
villegecouncil,villagecouncil,1,1.68350168350168e-05
villi,vill,1,1.68350168350168e-05
villigers,villagers,1,1.68350168350168e-05
vitecos,vtecos,2,3.36700336700337e-05
vitecosinvest,vitecos,1,1.68350168350168e-05
vodacom,adam,1,1.68350168350168e-05
vtecos,vitecos,32,0.000538720538720539
vttp,tmp,4,6.73400673400673e-05
vw,dw,2,3.36700336700337e-05
vwc,vc,91,0.00153198653198653
vwt,dwt,1,1.68350168350168e-05
w,"",33,0.000555555555555556
wa,da,70,0.00117845117845118
wachina,china,60,0.00101010101010101
wadeco,wdeco,2,3.36700336700337e-05
wafidh,wahidi,1,1.68350168350168e-05
waheke,kahema,1,1.68350168350168e-05
wahidi,wafidh,1,1.68350168350168e-05
waitaliano,britain,1,1.68350168350168e-05
wajerumani,american,2,3.36700336700337e-05
wama,wamba,1,1.68350168350168e-05
wamba,wama,1,1.68350168350168e-05
wamisionariwakikatoriki,wamissionariwakikatoriki,1,1.68350168350168e-05
wamissionariwakikatoriki,wamisionariwakikatoriki,1,1.68350168350168e-05
wanan,japan,57,0.00095959595959596
wananchi,wanan,151,0.00254208754208754
wananchitechnicians,localltechnician,1,1.68350168350168e-05
wanjoda,danda,6,0.000101010101010101
warento,tareto,1,1.68350168350168e-05
wasab,tasa,1,1.68350168350168e-05
washima,wachina,1,1.68350168350168e-05
wasso,gwasco,5,8.41750841750842e-05
wassocompanies,masucompany,4,6.73400673400673e-05
wassocontractors,ampcontractor,3,5.05050505050505e-05
water,inter,72,0.00121212121212121
wateraid,wateraids,194,0.00326599326599327
wateraiddwe,wateraid,1,1.68350168350168e-05
wateraidmajitech,wateraiddwe,1,1.68350168350168e-05
wateraids,wateraid,1,1.68350168350168e-05
wateraidsema,wateraids,82,0.00138047138047138
waterauthority,wateraid,2,3.36700336700337e-05
waterboard,waterboards,83,0.0013973063973064
waterboards,waterboard,1,1.68350168350168e-05
waterdepartment,regionwaterdepartment,4,6.73400673400673e-05
waterhu,water,2,3.36700336700337e-05
waterprojectmbawalachini,wateraidmajitech,13,0.000218855218855219
watersema,wateraidsema,1,1.68350168350168e-05
watersolution,resolute,1,1.68350168350168e-05
waterusegroup,waterusergroup,1,1.68350168350168e-05
waterusergroup,waterusegroup,1,1.68350168350168e-05
waterusersgroup,waterusergroup,2,3.36700336700337e-05
wb,w,32,0.000538720538720539
wbdistrictcouncil,districtcouncil,2,3.36700336700337e-05
wbk,wb,1,1.68350168350168e-05
wcs,ics,5,8.41750841750842e-05
wd,ad,4,6.73400673400673e-05
wdandid,danid,28,0.000471380471380471
wde,de,1,1.68350168350168e-05
wdeco,wadeco,1,1.68350168350168e-05
wdp,adp,1,1.68350168350168e-05
we,ce,5,8.41750841750842e-05
wedeco,wadeco,398,0.0067003367003367
wedecowessons,wedeco,6,0.000101010101010101
wedeko,wedeco,2,3.36700336700337e-05
weepers,maerere,1,1.68350168350168e-05
wfp,wdp,15,0.000252525252525253
williamacles,villages,1,1.68350168350168e-05
williamsondiamondltd,williamacles,9,0.000151515151515152
wilson,dimon,1,1.68350168350168e-05
winamco,winamuco,1,1.68350168350168e-05
winamconstruction,kimkimconstruction,2,3.36700336700337e-05
winamuco,winamco,1,1.68350168350168e-05
winkyens,inves,1,1.68350168350168e-05
winninspiritco,winninspiritcoltd,2,3.36700336700337e-05
winninspiritcoltd,winninspiritco,2,3.36700336700337e-05
wizara,idara,1,1.68350168350168e-05
wizarayamaji,idarayamaji,103,0.00173400673400673
wizrayamajinaegypt,wizarayamaji,1,1.68350168350168e-05
wo,co,24,0.000404040404040404
word,world,1,1.68350168350168e-05
wordbank,wordlbank,3,5.05050505050505e-05
worddivisio,worlddivision,1,1.68350168350168e-05
wordlbank,wordbank,1,1.68350168350168e-05
world,word,125,0.0021043771043771
worldbank,wordbank,153,0.00257575757575758
worldbanks,worldbank,4,6.73400673400673e-05
worlddivision,worddivisio,2,3.36700336700337e-05
worldnk,world,1,1.68350168350168e-05
worldvisiin,worldvision,1,1.68350168350168e-05
worldvision,worldvisiin,699,0.0117676767676768
worldvission,worldvision,12,0.000202020202020202
wouldbank,worldbank,13,0.000218855218855219
woyege,college,1,1.68350168350168e-05
wsdp,asdp,13,0.000218855218855219
wssp,rssp,1,1.68350168350168e-05
wu,ju,301,0.00506734006734007
wua,sua,8,0.000134680134680135
wus,wcs,1,1.68350168350168e-05
wvc,vc,3,5.05050505050505e-05
wvt,wvc,158,0.00265993265993266
ww,dw,1,1.68350168350168e-05
wwf,ww,24,0.000404040404040404
yakwetucontractor,ampcontractor,1,1.68350168350168e-05
yasini,dasip,1,1.68350168350168e-05
yasiniselemani,kanisani,1,1.68350168350168e-05
yebechikomesh,chiko,3,5.05050505050505e-05
yellltd,elct,2,3.36700336700337e-05
yohanismgaya,hasawa,1,1.68350168350168e-05
yorokomwalongo,ngomango,1,1.68350168350168e-05
yumbakaengineering,makeengineering,6,0.000101010101010101
zaburiandneighbors,aquarmandrillers,1,1.68350168350168e-05
zachariamtn,arrian,4,6.73400673400673e-05
zao,bao,1,1.68350168350168e-05
zaowaterspring,zaowaterspringx,3,5.05050505050505e-05
zaowaterspringx,zaowaterspring,1,1.68350168350168e-05
zinduka,benguka,1,1.68350168350168e-05
zingibalisecondary,kagungulisecondary,1,1.68350168350168e-05
zubermihungo,namungo,1,1.68350168350168e-05
